Route No,Council District,Time Start,Time End,Boundaries
* 17P100,2,10:00 AM,12:00 PM,Chandler Bl. to Ventura Fwy / Colfax Av. to Laurel Cyn. Bl.
*17P100,2,10:00 AM,12:00 PM,Chandler Bl. to Ventura Fwy / Colfax Av. to Laurel Cyn. Bl.
10P136 Th,10,8:00 AM,10:00 AM,La Brea Ave to Arlington Ave- Santa Monica Fwy to Adams Blvd
10P136 W,10,8:00 AM,10:00 AM,La Brea Ave to Arlington Ave -Santa Monica Fwy to Adams Blvd
10P137 M,10,9:00 AM,11:00 AM,Adams Blvd to Jefferson Blvd - La Cienega Blvd to Hauser Blvd
10P137 Tu,10,9:00 AM,11:00 AM,Adams Blvd to Jefferson Blvd - La Cienega Blvd to Hauser Blvd
10P138 M,10,10:00 AM,12:00 PM,Adams Blvd to Jefferson Blvd - Hauser Blvd to La Brea Ave
10P138 Tu,10,10:00 AM,12:00 PM,Adams Blvd to Jefferson Blvd - Hauser Blvd to La Brea Ave
10P139 M,10,12:00 PM,2:00 PM,Jefferson Blvd to Coliseum St- Hauser Ave to Holdrege Ave
10P139 Tu,10,12:00 PM,2:00 PM,Jefferson Blvd to Coliseum St- Hauser Ave to Holdrege Ave
10P140 M,10,1:00 PM,3:00 PM,Exposition Blvd to Coliseum St - Hauser Blvd to La Brea Ave
10P140 Tu,10,1:00 PM,3:00 PM,Exposition Blvd to Coliseum St - Hauser Blvd to La Brea Ave
10P141 M,10,8:00 AM,10:00 AM,Adams Blvd to Santa Monica Fwy - La Brea Ave to Fairfax Ave
10P141 Tu,10,8:00 AM,10:00 AM,Adams Blvd to Santa Monica Fwy - La Brea Ave to Fairfax Ave
10P142 Th,10,10:00 AM,12:00 PM,Adams Blvd to Jefferson Blvd - Arlington Ave to Edgehill Dr
10P142 W,10,10:00 AM,12:00 PM,Adams Blvd to Jefferson Blvd - Arlington Ave to Edgehill Dr
10P143 Th,10,11:00 AM,1:00 PM,Adams Blvd to Jefferson Blvd - Crenshaw Blvd to Edgehill Dr
10P143 W,10,11:00 AM,1:00 PM,Adams Blvd to Jefferson Blvd - Crenshaw Blvd to Edgehill Dr
10P144 Th,10,1:00 PM,3:00 PM,Adams Blvd to Exposition Blvd - West Blvd to Crenshaw Blvd
10P144 W,10,1:00 PM,3:00 PM,Adams Blvd to Exposition Blvd -West Blvd to Crenshaw Blvd
10P145 Th,8,8:00 AM,10:00 AM,Santa Monica Fwy to Jefferson Blvd- Normandie Ave to Western Av
10P145 W,8,8:00 AM,10:00 AM,Santa Monica Fwy to Jefferson Blvd - Normandie Ave to Western Av
10P146 Th,8,9:00 AM,11:00 AM,Santa Monica Fwy to Adams Blvd- Normandie Ave to Vermont Ave
10P146 W,8,9:00 AM,11:00 AM,Santa Monica Fwy to Adams Blvd- Normandie Ave to Vermont Ave
10P147 Th,8,10:00 AM,12:00 PM,Adams Blvd to Jefferson Blvd - Normandie Ave to Vermont Ave
10P147 W,8,10:00 AM,12:00 PM,Adams Blvd to Jefferson Blvd - Normandie Ave to Vermont Ave
10P148 Th,8,12:00 PM,2:00 PM,Vermont Ave to Normandie Ave - Jefferson Blvd to Exposition Blvd
10P148 W,8,12:00 PM,2:00 PM,Vermont Ave to Normandie Ave - Jefferson Blvd to Exposition Blvd
10P149 Th,8,1:00 PM,3:00 PM,Normandie Ave to Western Ave - Jefferson Blvd to Exposition Blvd
10P149 W,8,1:00 PM,3:00 PM,Normandie Ave to Western Ave - Jefferson Blvd to Exposition Blvd
10P150 Th,10,8:00 AM,10:00 AM,Santa Monica Fwy to Jefferson Blvd - Arlington Ave to Western Av
10P150 W,10,8:00 AM,10:00 AM,Santa Monica Fwy to Jefferson Blvd - Arlington Ave to Western Av
10P151 Th,10,10:00 AM,12:00 PM,Jefferson Blvd to Exposition Blvd - Arlington Ave to Crenshaw Blvd
10P151 W,10,10:00 AM,12:00 PM,Jefferson Blvd to Exposition Blvd - Arlington Ave to Crenshaw Blvd
10P152 Th,10,12:00 PM,2:00 PM,Rodeo Rd to Martin L. King Blvd - Crenshaw Blvd to Westside Ave
10P152 W,10,12:00 PM,2:00 PM,Rodeo Rd to Martin L. King Blvd - Crenshaw Blvd to Westside Ave
10P153 Th,10,1:00 PM,3:00 PM,Rodeo Rd to Martin L. King Blvd - Arlington Ave to Westside Ave
10P153 W,10,1:00 PM,3:00 PM,Rodeo Rd to Martin L. King Blvd- Arlington Ave to Westside Ave
10P154 Th,10,8:00 AM,10:00 AM,Adams Blvd to Exposition Blvd - West Blvd to La Brea Ave
10P154 W,10,8:00 AM,10:00 AM,Adams Blvd to Exposition Blvd -West Blvd to La Brea Ave
10P155 Th,10,10:00 AM,12:00 PM,Exposition Blvd to Martin L. King Blvd - Crenshaw Blvd to La Brea Av
10P155 W,10,10:00 AM,12:00 PM,Exposition Blvd to Martin L. King Blvd - Crenshaw Blvd to La Brea Av
10P156 Th,10,12:00 PM,2:00 PM,Martin L. King Blvd to Don Ricardo Dr- Gibralter Ave to Hillcrest Dr
10P156 W,10,12:00 PM,2:00 PM,Martin L. King Blvd to Don Ricardo Dr - Gibralter Ave to Hillcrest Dr
10P157 Th,10,1:00 PM,3:00 PM,Martin L. King Blvd to Don Diablo Dr - Hillcrest Dr to Marlton Ave
10P157 W,10,1:00 PM,3:00 PM,Martin L. King Blvd to Don Diablo Dr - Hillcrest Dr to Marlton Ave
10P158 Th,10,7:30 AM,9:30 AM,Jefferson Blvd to Exposition Blvd- Western Ave to Arlington Ave
10P158 W,10,7:30 AM,9:30 AM,Jefferson Blvd to Exposition Blvd- Western Ave to Arlington Ave
10P159 Th,10,8:00 AM,10:00 AM,Exposition Blvd to Martin L. King Bl- Western Ave to Arlington Ave
10P159 W,10,8:00 AM,10:00 AM,Exposition Blvd to Martin L. King Bl- Western Ave to Arlington Ave
10P160 Th,8,10:00 AM,12:00 PM,Exposition Blvd to Martin L. King Bl-Normandie Ave to Western Ave
10P160 W,8,10:00 AM,12:00 PM,Exposition Blvd to Martin L. King Bl- Normandie Ave to Western Ave
10P161 Th,8,12:00 PM,2:00 PM,Exposition Blvd to Martin L. King Bl-Vermont Ave to Normandie AVe
10P161 W,8,12:00 PM,2:00 PM,Exposition Blvd to Martin L. King Bl- Vermont Ave to Normandie AVe
10P162 Th,8,8:00 AM,10:00 AM,Martin L. King Blvd to Vernon Ave-Vermont Ave to Normandie Ave
10P162 W,8,8:00 AM,10:00 AM,Martin L. King Blvd to Vernon Ave-Vermont Ave to Normandie Ave
10P163 Th,8,9:00 AM,11:00 AM,Normandie Ave to Western Ave- Vernon Ave to Martin L. King Blvd
10P163 W,8,9:00 AM,11:00 AM,Normandie Ave to Western Ave-Vernon Ave to Martin L. King Blvd
10P164 Th,8,8:00 AM,10:00 AM,Vernon Ave to 51st St- Normandie Ave to Vermont Ave
10P164 W,8,8:00 AM,10:00 AM,Vernon Ave to 51st St- Normandie Ave to Vermont Ave
10P165 Th,8,9:00 AM,11:00 AM,51st St to Slauson Ave- Vermont St to Normandie Ave
10P165 W,8,9:00 AM,11:00 AM,51st St to Slauson Ave-Vermont St to Normandie Ave
10P166 Th,8,12:00 PM,2:00 PM,Vernon Ave to 51st Pl-Western Ave to Normandie Ave
10P166 W,8,12:00 PM,2:00 PM,Vernon Ave to 51st Pl-Western Ave to Normandie Ave
10P167 Th,8,1:00 PM,3:00 PM,51st Pl to Slauson Ave-Normandie Ave to Western Ave
10P167 W,8,1:00 PM,3:00 PM,51st Pl to Slauson Ave-Normandie Ave to Western Ave
10P168 Th,8,12:00 PM,2:00 PM,Vernon Ave to 52nd St-Western Ave to Arlington Ave
10P168 W,8,12:00 PM,2:00 PM,Vernon Ave to 52nd St- Western Ave to Arlington Ave
10P169 Th,8,1:00 PM,3:00 PM,52nd St to Slauson Ave- Arlington Ave to Western Ave
10P169 W,8,1:00 PM,3:00 PM,52nd St to Slauson Ave-Arlington Ave to Western Ave
10P170 Th,8,7:30 AM,9:30 AM,52nd St to Slauson Ave-8th Ave to Cimarron
10P170 W,8,7:30 AM,9:30 AM,52nd St to Slauson Ave- 8th Ave to Cimarron
10P171 Th,8,8:00 AM,10:00 AM,Vernon Ave to 52nd St -10th Ave to Arlington Ave
10P171 W,8,8:00 AM,10:00 AM,Vernon Ave to 52nd St -10th Ave to Arlington Ave
10P172 Th,10,10:00 AM,12:00 PM,Martin L. King Blvd to Vernon Ave- 4th Ave to Crenshaw Blvd
10P172 W,10,10:00 AM,12:00 PM,Martin L. King Blvd to Vernon Ave-  4th Ave to Crenshaw Blvd
10P173 Th,10,12:00 PM,2:00 PM,Martin L. King Blvd to Vernon Ave-Western Ave to 3rd Ave
10P173 W,10,12:00 PM,2:00 PM,Martin L. King Blvd to Vernon Ave- Western Ave to 3rd Ave
10P174 M,8,8:00 AM,10:00 AM,Slauson ave to 67th st- Vermont Ave to Normandie Ave
10P174 Tu,8,8:00 AM,10:00 AM,Slauson ave to 67th st- Vermont Ave to Normandie Ave
10P175 M,8,10:00 AM,12:00 PM,Slauson ave to 67th st- Normandie to Western Ave
10P175 Tu,8,10:00 AM,12:00 PM,Slauson ave to 67th st- Normandie to Western Ave
10P176 M,8,12:30 PM,2:30 PM,Southwest Dr to 67th st-Western Ave to 8th Ave
10P176 Tu,8,12:30 PM,2:30 PM,Southwest Dr to 67th st-Western Ave to 8th Ave
10P177 M,8,8:00 AM,10:00 AM,Slauson Ave to Hyde Park Bl-Western Ave to 8th Ave
10P177 Tu,8,8:00 AM,10:00 AM,Slauson Ave to Hyde Park Bl-Western Ave to 8th Ave
10P178 F,8,9:00 AM,11:00 AM,48th St to Slauson Ave - 8th Ave to Hillcrest Dr
10P178 M,8,9:00 AM,11:00 AM,48th st to Slauson Ave -8th Ave to Hillcrest DR
11P180 M,8,10:00 AM,12:00 PM,Slauson Ave to Florence Ave- 8th Ave to West Bl
11P180 Tu,8,10:00 AM,12:00 PM,Slauson Ave to Florence Ave- 8th Ave to West Bl
11P181 M,8,12:00 PM,2:00 PM,Slauson Ave to 64th st- West Bl to Alviso Ave
11P181 Tu,8,12:00 PM,2:00 PM,Slauson Ave to 64th st- West Bl to Alviso Ave
11P182 M,8,8:00 AM,10:00 AM,Manchester Blvd to 96th St-Western Ave to Van Ness
11P182 Tu,8,8:00 AM,10:00 AM,Manchester Blvd to 96th St-Western Ave to Van Ness
11P183 M,8,10:00 AM,12:00 PM,96th St to 108th St-Western Ave to Van Ness Ave
11P183 Tu,8,10:00 AM,12:00 PM,96th St to 108th St-Western Ave to Van Ness Ave
11P184 M,8,12:00 PM,2:00 PM,92nd St to 104th St- Normandie Ave to Western Ave
11P184 Tu,8,12:00 PM,2:00 PM,92nd St to 104th St- Normandie Ave to Western Ave
11P185 M,8,1:00 PM,3:00 PM,Manchester Ave to 92nd St - Normandie Ave to Western Ave
11P185 Tu,8,1:00 PM,3:00 PM,Manchester Ave to 92nd St - Normandie Ave to Western Ave
11P186 Th,11,12:00 PM,2:30 PM,"Manchester Ave to Century Blvd, Vicksburg Ave to La Cienega Bl"
11P186 W,11,12:00 PM,2:30 PM,"Manchester Ave to Century Blvd, Vicksburg Ave to La Cienega Bl"
11P187 M,8,10:00 AM,12:00 PM,76th St to Manchester Ave - Normandie Ave to Western Ave
11P187 Tu,8,10:00 AM,12:00 PM,76th St to Manchester Ave - Normandie Ave to Western Ave
11P188 M,8,12:00 PM,2:00 PM,76th St to Manchester Ave - Western Ave to West City Limits
11P188 Tu,8,12:00 PM,2:00 PM,76th St to Manchester Ave - Western Ave to West City Limits
11P189  M,8,8:00 AM,10:00 AM,67th St to Florence Ave - Vermont Ave to Van Ness Ave
11P189 Tu,8,8:00 AM,10:00 AM,67th St to Florence Ave - Vermont Ave to Van Ness Ave
11P190 M,8,10:00 AM,12:00 PM,Florence Ave to 76th St - Vermont Ave to Van Ness Ave
11P190 Tu,8,10:00 AM,12:00 PM,Florence Ave to 76th St - Vermont Ave to Van Ness Ave
11P191 M,8,12:00 PM,2:00 PM,67th St to 79th st-Van Ness Ave to West City Limits
11P191 Tu,8,12:00 PM,2:00 PM,67th St to 79th st-Van Ness Ave to West City Limits
11P192 Th,11,10:00 AM,12:00 PM,83rd St to Westchester Pkwy- Lilienthal Ave to Sepulveda Bl
11P192 W,11,10:00 AM,12:00 PM,83rd St to Westchester Pkwy- Lilienthal Ave to Sepulveda Bl
11P333 M,8,8:00 AM,10:00 AM,76th St to Manchester Ave - Vermont Ave to Normandie Ave
11P333 Tu,8,8:00 AM,10:00 AM,76th St to Manchester Ave - Vermont Ave to Normandie Ave
11P354 Th,11,12:00 PM,2:30 PM,LA City Limits to Manitoba St -Saran Dr to Ocean Front Walk
11P354 W,11,12:00 PM,2:30 PM,LA City Limits to Manitoba St -Saran Dr to Ocean Front Walk
12NP200,5,4:00 AM,6:30 AM,Alley's north of and south of Pico Blvd- Robertson Blvd to Beverly Dr
12P124 Th,11,9:00 AM,11:00 AM,California Ave to Venice Blvd - Lincoln Blvd to Electric Ave
12P124 W,11,9:00 AM,11:00 AM,California Ave to Venice Blvd - Lincoln Blvd to Electric Ave
12P125 M,11,8:00 AM,10:00 AM,Santa Monica c/b to Indiana Ave-Lincoln Blvd to Main St
12P125 Tu,11,8:00 AM,10:00 AM,Santa Monica c/b to Indiana Ave-Lincoln Blvd to Main St
12P126 Th,11,10:00 AM,12:00 PM,Indiana Ave to California Ave-Lincoln Blvd to Electric Ave
12P126 W,11,10:00 AM,12:00 PM,Indiana Ave to California Ave-Lincoln Blvd to Electric Ave
12P127 Th,11,8:00 AM,10:00 AM,Victoria Ave/McCune Ave to Venice Blvd-Centinela Ave to Lincoln Blvd
12P127 W,11,8:00 AM,10:00 AM,Victoria Ave/McCune Ave to Venice Blvd-Centinela Ave to Lincoln Blvd
12P128 M,11,12:00 PM,2:00 PM,Abbott Blvd to Pacific Ave-Venice Blvd to Westminister Ave
12P128 Tu,11,12:00 PM,2:00 PM,Abbott Blvd to Pacific Ave-Venice Blvd to Westminister Ave
12P129 Th,11,10:00 AM,12:00 PM,Washington Blvd to Jefferson Blvd-Sawtelle Blvd to Alla Rd
12P129 W,11,10:00 AM,12:00 PM,Washington Blvd to Jefferson Blvd-Sawtelle Blvd to Alla Rd
12P139 Th,11,10:00 AM,12:00 PM,La Villa Marina to Lincoln Blvd=Fiji Way to Mindinao Way
12P139 W,11,10:00 AM,12:00 PM,La Villa Marina to Lincoln Blvd=Fiji Way to Mindinao Way
12P140 Th,11,10:00 AM,12:00 PM,Venice Blvd to Washington Pl-Centinela Blvd to Walgrove Ave
12P140 W,11,10:00 AM,12:00 PM,Venice Blvd to Washington Pl-Centinela Blvd to Walgrove Ave
12P141 Th,11,8:00 AM,10:00 AM,Venice Bl to Washington Pl-Walgrove Av to Abbot Kinney Bl
12P141 W,11,8:00 AM,10:00 AM,Venice Bl to Washington Pl-Walgrove Av to Abbot Kinney Bl
12P142 M,5,8:00 AM,10:00 AM,Airdrome St to Santa Monica Fwy- Motor Ave to Robertson Bl
12P142 Tu,5,8:00 AM,10:00 AM,Airdrome St to Santa Monica Fwy- Motor Ave to Robertson Bl
12P143 M,5,12:00 PM,2:30 PM,Whitworth Dr to Airdrome St-Robertson Blvd to Beverly Dr
12P143 Tu,5,12:00 PM,2:30 PM,Whitworth Dr to Airdrome St-Robertson Blvd to Beverly Dr
12P171 Th,5,8:00 AM,10:00 AM,Venice Blvd to Culver City Limit-Bledsoe Ave to Centinela Ave
12P171 W,5,8:00 AM,10:00 AM,Venice Blvd to Culver City Limit-Bledsoe Ave to Centinela Ave
12P225 M,5,10:00 AM,12:00 PM,Beverly Hills City Limits to Pico Blvd-Beverly Dr to Beverly Hills City Limits
12P225 Tu,5,10:00 AM,12:00 PM,Beverly Hills City Limits to Pico Blvd-Beverly Dr to Beverly Hills City Limits
12P287 Th,5,12:00 PM,2:30 PM,Kelton Ave to Sepulveda Blvd-Rose Ave to Venice Blvd
12P287 W,5,12:00 PM,2:30 PM,Kelton Ave to Sepulveda Blvd-Rose Ave to Venice Blvd
12P288 Th,5,8:00 AM,10:00 AM,Santa Monica Fwy to Culver City Limits-Ellis Ave to Overland Ave 
12P288 W,5,8:00 AM,10:00 AM,Santa Monica Fwy to Culver City Limits-Ellis Ave to Overland Ave 
12P289 Th,5,10:00 AM,12:00 PM,Hughes Ave to Kelton Ave-National Blvd to Venice Blvd
12P289 W,5,10:00 AM,12:00 PM,Hughes Ave to Kelton Ave-National Blvd to Venice Blvd
12P290 M,5,8:00 AM,10:00 AM,Exposition Blvd to Queensland St-Overland Ave to Sepulveda Blvd
12P290 Tu,5,8:00 AM,10:00 AM,Exposition Blvd to Queensland St-Overland Ave to Sepulveda Blvd
12P348 M,5,10:00 AM,12:00 PM,Pico Blvd to Cresta Dr-Canfield Ave to Peg Pl
12P348 Tu,5,10:00 AM,12:00 PM,Pico Blvd to Cresta Dr-Canfield Ave to Peg Pl
12P349 M,5,10:00 AM,12:00 PM,Pico Blvd to Richland Ave-Patricia Ave to Military Ave
12P349 Tu,5,10:00 AM,12:00 PM,Pico Blvd to Richland Ave-Patricia Ave to Military Ave
12P350 M,11,8:00 AM,10:00 AM,Pico Bl to Venice Bl- Sawtelle to Inglewood Bl-Various 
12P350 Tu,11,8:00 AM,10:00 AM,Pico Bl to Venice Bl- Sawtelle to Inglewood Bl-Various 
12P351 Th,11,1:00 PM,3:00 PM,Santa Monica City Limits to Palms Blvd-Penmar Ave to Lincoln Bl
12P351 W,11,1:00 PM,3:00 PM,Santa Monica City Limits to Palms Blvd-Penmar Ave to Lincoln Bl
12P352 M,11,8:30 AM,10:30 AM,N. Venice Blvd to Washington St-Abbot Kinney Blvd to Pacific Ave
12P352 Tu,11,8:30 AM,10:30 AM,N. Venice Blvd to Washington St-Abbot Kinney Blvd to Pacific Ave
12P353 M,11,11:00 AM,1:00 PM,S. Venice Blvd to Pacific Ave-Ocean Front Walk to Marine St
12P353 Tu,11,11:00 AM,1:00 PM,S. Venice Blvd to Pacific Ave-Ocean Front Walk to Marine St
12P354 M,11,10:00 AM,12:00 PM,Marine St to Venice Blvd-Lincoln Blvd to Pacific Ave
12P354 Tu,11,10:00 AM,12:00 PM,Marine St to Venice Blvd-Lincoln Blvd to Pacific Ave
12P355 M,11,10:00 AM,12:00 PM,Washington St to Via Marina-Via Mar to Ocean Front Walk
12P355 Tu,11,10:00 AM,12:00 pm,Washington St to Via Marina-Via Mar to Ocean Front Walk
12P356 M,11,7:30 AM,9:30 AM,N. Venice Blvd to Washington St-Abbot Kinney Blvd to Speedway
12P356 Tu,11,7:30 AM,9:30 AM,N. Venice Blvd to Washington St-Abbot Kinney Blvd to Speedway
12P401 M,11,8:00 AM,11:30 AM,Pico Bl to National Bl- San Diego Fwy to Bundy
12P401 Tu,11,8:00 AM,11:30 AM,Pico Bl to National Bl- San Diego Fwy to Bundy
13P115 F,11,12:00 PM,3:00 PM,Exposition bl.- pico bl. To wilshire bl.to nebraska/barrington av. To carmelina- bundy dr. to centinela
13P115 Th,11,12:00 PM,3:00 PM,Exposition bl.- pico bl. To wilshire bl.to nebraska/barrington av. To carmelina- bundy dr. to centinela
13P116 F,11,10:00 AM,12:00 PM,WILSHIRE BL. TO IOWA AV./ SAN DIEG FRWY TO BUNDY DR.
13P116 Th,11,10:00 AM,12:00 PM,WILSHIRE BL. TO IOWA AV./ SAN DIEG FRWY TO BUNDY DR.
13P117 F,11,8:00 AM,10:00 AM,SANTA MONICA BL. TO OLYMPIC BL. / SAN DIEGO FRWY. TO FEDERAL AV.
13P117 Th,11,8:00 AM,10:00 AM,SANTA MONICA BL. TO OLYMPIC BL. / SAN DIEGO FRWY. TO FEDERAL AV.
13P118 F,11,12:00 PM,3:00 PM,SANTA MONICA BL. TO OLYMPIC BL. / FEDERAL AV. TO BUNDY DR.
13P118 Th,11,12:00 PM,3:00 PM,SANTA MONICA BL. TO OLYMPIC BL. / FEDERAL AV. TO BUNDY DR.
13P133 F,11,9:00 AM,12:00 PM,SAN VICENTE BL. TO WILSHIRE BL. / SAN VICENTE BL. TO BUNDY DR.
13P133 Th,11,9:00 AM,12:00 PM,SAN VICENTE BL. TO WILSHIRE BL. / SAN VICENTE BL. TO BUNDY DR.
13P282 F,11,8:00 AM,10:00 AM,SUNSET BL. TO SAN VICENTE AV. / BRINGHAM AV. TO WESTGATE AV.
13P282 Th,11,8:00 AM,10:00 AM,SUNSET BL. TO SAN VICENTE AV. / BRINGHAM AV. TO WESTGATE AV.
13P286 F,11,9:00 AM,12:00 PM,MONTANA AV. TO WILSHIRE BL. / BUNDY DR. TO CARMELINA AV.
13P286 Th,11,9:00 AM,12:00 PM,MONTANA AV. TO WILSHIRE BL. / BUNDY DR. TO CARMELINA AV.
14P101 F,5,8:00 AM,11:00 AM,Sunset Bl. to LeConte Av. / Hilgard Av. to Sepulveda Bl.
14P101 Th,5,8:00 AM,11:00 AM,Sunset Bl. to LeConte Av. / Hilgard Av. to Sepulveda Bl.
14P198 M,5,8:00 AM,10:00 AM,Lindbrook Dr. to Santa Monica Bl. / Selby Av. to Westwood Bl.
14P198 Tu,5,8:00 AM,10:00 AM,Lindbrook Dr. to Santa Monica Bl. / Selby Av. to Westwood Bl.
14P199 F,5,10:00 AM,1:00 PM,Santa Monica Bl. to Olympic Bl. / Westwood Bl. to Sepulveda Bl.
14P199 Th,5,10:00 AM,1:00 PM,Santa Monica Bl. to Olympic Bl. / Westwood Bl. to Sepulveda Bl.
14P200 F,5,10:00 AM,1:00 PM,Santa Monica Bl. to Olympic Bl. / Parnell Av. to Westwood Bl.
14P200 Th,5,10:00 AM,1:00 PM,Santa Monica Bl. to Olympic Bl. / Parnell Av. to Westwood Bl.
14P201 F,5,8:00 AM,11:00 AM,Olympic Bl. to Pico Bl. / Fox Hills Dr. to Sepulveda Bl.
14P201 Th,5,8:00 AM,11:00 AM,Olympic Bl. to Pico Bl. / Fox Hills Dr. to Sepulveda Bl.
14P202 F,5,8:00 AM,11:00 AM,Westwood Bl. to Cotner Av. / Santa Monica Bl. to Wilshire Bl.
14P202 Th,5,8:00 AM,11:00 AM,Westwood Bl. to Cotner Av. / Santa Monica Bl. to Wilshire Bl.
14P203 F,5,8:00 AM,11:00 AM,Santa Monica Bl. to Olympic Bl. / Fox Hills Dr. to Parnell Av.
14P203 Th,5,8:00 AM,11:00 AM,Santa Monica Bl. to Olympic Bl. / Fox Hills Dr. to Parnell Av.
14P283 F,5,12:00 PM,3:00 PM,Lindbrook Dr. to Rochester Av. / Club View Dr. to Selby Av.
14P283 Th,5,12:00 PM,3:00 PM,Lindbrook Dr. to Rochester Av. / Club View Dr. to Selby Av.
14P357 F,5,12:00 PM,3:00 PM,Rochester Av. to Santa Monica Bl. / Comstock Av. to Manning Av.
14P357 Th,5,12:00 PM,3:00 PM,Rochester Av. to Santa Monica Bl. / Comstock Av. to Manning Av.
15P191 F,5,8:00 AM,10:00 AM,VENTURA BL. TO VALLEY VISTA BL. / SAN DIEGO FRWY TO BALBOA BL.
15P191 M,5,8:00 AM,10:00 AM,VENTURA BL. TO VALLEY VISTA BL. / SAN DIEGO FRWY TO BALBOA BL.
15P194 F,3,10:00 AM,12:00 PM,BURBANK BL. TO RANCHO ST. / BALBOA BL. TO YOLANDA AV.
15P194 M,5,10:00 AM,12:00 PM,BURBANK BL. TO RANCHO ST. / BALBOA BL. TO YOLANDA AV.
15P298 F,3,12:00 PM,2:00 PM,VENTURA BL. TO WELLS DR. / CANOGA AV. TO PENFIELD AV.
15P298 M,3,12:00 PM,2:00 PM,VENTURA BL. TO WELLS DR. / CANOGA AV. TO PENFIELD AV.
15P299 M,3,12:00 PM,2:00 PM,VENTURA BL. TO AVE. SAN LUIS / ABBEYVILLE AV. TO DON PIO DR.
15P299 Tu,3,12:00 PM,2:00 PM,VENTURA BL. TO AVE. SAN LUIS / ABBEYVILLE AV. TO DON PIO DR.
4P108 M,13,8:00 AM,11:00 AM,Hoover st to Shatto Pl- 1st to 6th st
16P194 F,4,10:00 AM,12:00 PM,Ventura Bl. to Valley Vista St. / Van Nuys Bl. to Sepulveda Bl.
16P194 Th,4,10:00 AM,12:00 PM,Ventura Bl. to Valley Vista St. / Van Nuys Bl. to Sepulveda Bl.
16P195 F,4,8:00 AM,10:00 AM,Ventura Fwy to Ventura Bl. / Van Nuys Bl. to Sepulveda Bl.
16P195 Th,4,8:00 AM,10:00 AM,Ventura Fwy to Ventura Bl. / Van Nuys Bl. to Sepulveda Bl.
16P196 M,4,8:00 AM,10:00 AM,Ventura Bl. to Milaca Pl. / Woodman Av. to Van Nuys Bl.
16P196 Tu,4,8:00 AM,10:00 AM,Ventura Bl. to Milaca Pl. / Woodman Av. to Van Nuys Bl.
16P197 F,4,8:00 AM,10:00 AM,Ventura Fwy to Valley Vista Bl. / Coldwater Cyn. Av. to Woodman Av.
16P197 Th,4,8:00 AM,10:00 AM,Ventura Fwy to Valley Vista Bl. / Coldwater Cyn. Av. to Woodman Av.
16P198 M,2/4,8:00 AM,10:00 AM,Ventura Fwy. To Maxwellton Rd. / Radford Av. to Coldwater Cyn Av.
16P198 Tu,2/4,8:00 AM,10:00 AM,Ventura Fwy. To Maxwellton Rd. / Radford Av. to Coldwater Cyn Av.
16P297 F,2/4,8:00 AM,10:00 AM,Ventura Fwy to Ventura Bl. / Burbank City limits to Vineland Av.
16P297 Th,2/4,8:00 AM,10:00 AM,Ventura Fwy to Ventura Bl. / Burbank City limits to Vineland Av.
16P358 F,2/4,10:00 AM,12:00 PM,Aqua Vista St.to Regal Pl. / Hollywood Way to Tujunga Av.
16P358 Th,2/4,10:00 AM,12:00 PM,Aqua Vista St.to Regal Pl. / Hollywood Way to Tujunga Av.
17NP100,6,4:00 AM,6:30 AM,Laurel Cyn. Bl. / Saticoy St to Runnymede St.
17P192 Th,2,10:00 AM,12:00 PM,Sherman Way to Victory Bl. / Clybourn Av. to Lankershim Bl.
17P192 W,2,10:00 AM,12:00 PM,Sherman Way to Victory Bl. / Clybourn Av. to Lankershim Bl.
17P193 Th,2/4,12:00 PM,2:00 PM,Sherman Way to Chandler Bl. / Rhodes Av. to Fulton Av.
17P193 W,2/4,12:00 PM,2:00 PM,Sherman Way to Chandler Bl. / Rhodes Av. to Fulton Av.
17P290 F,2/4,8:00 AM,10:00 AM,Chandler Bl. to Ventura Bl. / Ledge Av. to Vineland Av.
17P290 Th,2/4,8:00 AM,10:00 AM,Chandler Bl. to Ventura Bl. / Ledge Av. to Vineland Av.
17P291 Th,2/4/6,8:00 AM,10:00 AM,5 Fwy to Sherman Way / Hollywood Way to Lankershim Bl.
17P291 W,2/4/6,8:00 AM,10:00 AM,5 Fwy to Sherman Way / Hollywood Way to Lankershim Bl.
17P292 Th,2,12:00 PM,2:00 PM,Sherman Way to Chandler Bl. / Hazelhurst Pl. to Laurel Grove Av.
17P292 W,2,12:00 PM,2:00 PM,Sherman Way to Chandler Bl. / Hazelhurst Pl. to Laurel Grove Av.
17P293 Th,2,8:00 AM,10:00 AM,Erwin St. to Chandler Bl. / Cahuenga Bl. to Lankershim Bl.
17P293 W,2,8:00 AM,10:00 AM,Erwin St. to Chandler Bl. / Cahuenga Bl. to Lankershim Bl.
17P294A F,2,10:00 AM,12:00 PM,Magnolia Bl. to Riverside Dr. / Lankershim Bl. to 170 Fwy
17P294A Th,2,10:00 AM,12:00 PM,Magnolia Bl. to Riverside Dr. / Lankershim Bl. to 170 Fwy
17P294B F,2,10:00 AM,12:00 PM,Chandler Bl. to Riverside Dr. / Lankershim Bl. to Colfax Av.
17P294B Th,2,10:00 AM,12:00 PM,Chandler Bl. to Riverside Dr. / Lankershim Bl. to Colfax Av.
17P295 F,2,12:00 PM,2:00 PM,Burbank Bl. to Ventura Fwy / Colfax Av. to Whitsett Av.
17P295 Th,2,12:00 PM,2:00 PM,Burbank Bl. to Ventura Fwy / Colfax Av. to Whitsett Av.
17P305 Th,2/6,10:00 AM,12:00 PM,San Fernando Rd. to Sherman Way / Lankershim Bl. to Whitsett Av.
17P305 W,2/6,10:00 AM,12:00 PM,San Fernando Rd. to Sherman Way / Lankershim Bl. to Whitsett Av.
17P306 Th,2,8:00 AM,10:00 AM,Oxnard St. to Chandler Bl. / Colfax Av. to Laurel Cyn. Bl.
17P306 W,2,8:00 AM,10:00 AM,Oxnard St. to Chandler Bl. / Colfax Av. to Laurel Cyn. Bl.
17P307 Th,2,10:00 AM,12:00 PM,Oxnard St. to Burbank Bl. / Lankershim Bl. to Colfax Av.
17P307 W,2,10:00 AM,12:00 PM,Oxnard St. to Burbank Bl. / Lankershim Bl. to Colfax Av.
17P401 Th,6,12:00 PM,2:00 PM,Strathern St. to Saticoy St. / Vineland Av. to Tujunga Av.
17P401 W,6,12:00 PM,2:00 PM,Strathern St. to Saticoy St. / Vineland Av. to Tujunga Av.
17P402 Th,6,10:00 AM,12:00 PM,San Fernando Rd. to Saticoy St. / Tujunga Av. to Lankershim Bl.
17P402 W,6,10:00 AM,12:00 PM,San Fernando Rd. to Saticoy St. / Tujunga Av. to Lankershim Bl.
17P403 Th,6,8:00 AM,10:00 AM,Strathern St. to Saticoy St / Lankershim Bl. to Laurel Cyn. Bl.
17P403 W,6,8:00 AM,10:00 AM,Strathern St. to Saticoy St / Lankershim Bl. to Laurel Cyn. Bl.
17P404 Th,2,12:00 PM,2:00 PM,Saticoy St. to Sherman Way / Vineland Av. to Tujunga AV.
17P404 W,2,12:00 PM,2:00 PM,Saticoy St. to Sherman Way / Vineland Av. to Tujunga AV.
17P405 Th,2,10:00 AM,12:00 PM,Saticoy St. to Sherman Way /Tujunga Av. to Lankershim Bl.
17P405 W,2,10:00 AM,12:00 PM,Saticoy St. to Sherman Way /Tujunga Av. to Lankershim Bl.
17P406 Th,2,8:00 AM,10:00 AM,Saticoy St. to Sherman Way / Lankershim Bl. to Laurel Cyn. Bl.
17P406 W,2,8:00 AM,10:00 AM,Saticoy St. to Sherman Way / Lankershim Bl. to Laurel Cyn. Bl.
17P407 Th,2,12:00 PM,2:00 PM,Sherman Way to Kittridge St. / Fair Av. to Laurel Cny. Bl.
17P407 W,2,12:00 PM,2:00 PM,Sherman Way to Kittridge St. / Fair Av. to Laurel Cny. Bl.
18P300 Th,6,10:00 AM,12:00 PM,San Fernando Rd. to Beachy Av. / Brandford St. to Sheldon St.
18P300 W,6,10:00 AM,12:00 PM,San Fernando Rd. to Beachy Av. / Brandford St. to Sheldon St.
18P404 Th,7,8:00 AM,10:00 AM,City Line to Foothill Bl. / Little Tujunga Rd. to Van Nuys Bl.
18P404 W,7,8:00 AM,10:00 AM,City Line to Foothill Bl. / Little Tujunga Rd. to Van Nuys Bl.
18P406 Th,2/6,10:00 AM,12:00 PM,Glenoaks Bl. to San Fernando Rd. / Ledge Av. to Tuxford St.
18P406 W,2/6,10:00 AM,12:00 PM,Glenoaks Bl. to San Fernando Rd. / Ledge Av. to Tuxford St.
18P407 Th,7,8:00 AM,10:00 AM,Plainview Av. to Mount Gleason Av. / Ellenbogen St. to Summitrose St.
18P407 W,7,8:00 AM,10:00 AM,Plainview Av. to Mount Gleason Av. / Ellenbogen St. to Summitrose St.
18P408 Th,7,10:00 AM,12:00 PM,Mount Gleason Av. to Woodward Av. / Ellenbogen St. Foothill Bl.
18P408 W,7,10:00 AM,12:00 PM,Mount Gleason Av. to Woodward Av. / Ellenbogen St. Foothill Bl.
18P409 Th,7,12:00 PM,2:00 PM,Woodward Av. to McVine Av. / Ellenbogen St. to Foothill Bl.
18P409 W,7,12:00 PM,2:00 PM,Woodward Av. to McVine Av. / Ellenbogen St. to Foothill Bl.
19NP300,7,4:00 AM,6:30 AM,Eldridge St. / Hubbard St. to Harding St.
19P362 M,7,12:00 PM,2:00 PM,San Fernando Mission Bl. to Paxton St. / 5 Fwy to Columbus Av.
19P362 Tu,7,12:00 PM,2:00 PM,San Fernando Mission Bl. to Paxton St. / 5 Fwy to Columbus Av.
19P363 Th,7,8:00 AM,10:00 AM,Bledsoe St. to Osbourne St. / Laurel Cyn Bl. to Foothill Bl.
19P363 W,7,8:00 AM,10:00 AM,Bledsoe St. to Osbourne St. / Laurel Cyn Bl. to Foothill Bl.
19P400 Th,7,8:00 AM,10:00 AM,Astoria St. to Rinaldi St. / San Fernando Rd. 405 Fwy
19P400 W,7,8:00 AM,10:00 AM,Astoria St. to Rinaldi St. / San Fernando Rd. 405 Fwy
19P402 Th,7,10:00 AM,12:00 PM,Roxford St. to Oro Grande / San Fernando Rd. to Encinitas Av.
19P402 W,7,10:00 AM,12:00 PM,Roxford St. to Oro Grande / San Fernando Rd. to Encinitas Av.
19P406 Th,7,8:00 AM,10:00 AM,Dronfield Av. Glenoaks Bl. / Hubbard St. to Tyler St.
19P406 W,7,8:00 AM,10:00 AM,Dronfield Av. Glenoaks Bl. / Hubbard St. to Tyler St.
19P408 Th,7,10:00 AM,12:00 PM,Hubbard St. to Pacoima Wash / Eldridge Av. to City Line
19P408 W,7,10:00 AM,12:00 PM,Hubbard St. to Pacoima Wash / Eldridge Av. to City Line
19P410 M,6,12:00 PM,2:00 PM,Terra Bella St. to Osborne St. / 5 Fwy. To Woodman Av.
19P410 Tu,6,12:00 PM,2:00 PM,Terra Bella St. to Osborne St. / 5 Fwy. To Woodman Av.
19P412 M,6,10:00 AM,12:00 PM,5 Fwy. To Woodman Av. / Terra Bella St. to Filmore St.
19P412 Tu,6,10:00 AM,12:00 PM,5 Fwy. To Woodman Av. / Terra Bella St. to Filmore St.
19P418 M,5,8:00 AM,10:00 AM,San Fernando Rd. to 5 Fwy. / Van Nuys Bl. Paxton St.
19P418 Tu,5,8:00 AM,10:00 AM,San Fernando Rd. to 5 Fwy. / Van Nuys Bl. Paxton St.
19P420 M,7,8:00 AM,10:00 AM,Fox St. to 118 Fwy / San Fernando Rd. to 5 Fwy.
19P420 Tu,7,8:00 AM,10:00 AM,Fox St. to 118 Fwy / San Fernando Rd. to 5 Fwy.
19P422 M,7,10:00 AM,12:00 PM,Brand Bl. to Chamberlain St. / O'Melveny Av. to 5 Fwy
19P422 Tu,7,10:00 AM,12:00 PM,Brand Bl. to Chamberlain St. / O'Melveny Av. to 5 Fwy
19P424 Th,7,12:00 PM,2:00 PM,Van Nuys Bl. to Osborne St. / Foothill Bl. to San Fernando Rd.
19P424 W,7,12:00 PM,2:00 PM,Van Nuys Bl. to Osborne St. / Foothill Bl. to San Fernando Rd.
19P426 Th,7,10:00 AM,12:00 PM,118 Fwy to Van Nuys Bl. / Foothill Bl. to San Fernando Rd.
19P426 W,7,10:00 AM,12:00 PM,118 Fwy to Van Nuys Bl. / Foothill Bl. to San Fernando Rd.
19P428 Th,7,8:00 AM,10:00 AM,LA city line to Paxton St. / Foothill Bl. to San Fernando Rd.
19P428 W,7,8:00 AM,10:00 AM,LA city line to Paxton St. / Foothill Bl. to San Fernando Rd.
19P430 Th,7,12:00 PM,2:00 PM,Gladstone Av. to Simshaw Av. / Hubbard St. to Sayre St.
19P430 W,7,12:00 PM,2:00 PM,Gladstone Av. to Simshaw Av. / Hubbard St. to Sayre St.
1NP350 Th,15,4:00 AM,6:30 AM,PCH to 22nd st-Gaffey St to Avalon BL
1NP350 W,15,4:00 AM,6:30 AM,PCH to 22nd st-Gaffey St to Avalon BL
1NP351 Th,15,4:00 AM,6:30 AM,Gaffey St from Oliver St to 19th st
1NP351 W,15,4:00 AM,6:30 AM,Gaffey St from Oliver St to 19th st
1P207 M,15,8:00 AM,10:00 AM,10th st to 22nd st PCH to Gaffey St
1P207 Tu,15,8:00 AM,10:00 AM,10th st to 22nd st PCH to Gaffey St
1P208 M,15,9:00 AM,11:00 AM,8th st to 22nd st Beacon St to Pacific Ave
1P208 Tu,15,9:00 AM,11:00 AM,8th st to 22nd st Beacon St to Pacific Ave
1P212 M,15,9:00 AM,12:00 PM,Wilmington Bl to Avalon Bl- PCH  to Anahiem St
1P212 Tu,15,9:00 AM,12:00 PM,Wilmington Bl to Avalon Bl- PCH  to Anahiem St
1P216 Th,15,12:00 PM,2:00 PM,Belle Porte Ave to Vermont Ave- lomita Bl to PCH
1P216 W,15,12:00 PM,2:00 PM,Belle Porte Ave to Vermont Ave- lomita Bl to PCH
1P363 M,15,12:00 PM,2:00 PM,Sandison St to PCH- Drumm Ave  D/E W/O Sanford Ave
1P363 Tu,15,12:00 PM,2:00 PM,Sandison St to PCH- Drumm Ave  D/E W/O Sanford Ave
1P364 M,15,10:00 AM,12:00 PM,Carson City Line to Harry Bridge Bl- Avalon Bl to Figueroa Pl
1P364 Tu,15,10:00 AM,12:00 PM,Carson City Line to Harry Bridge Bl- Avalon Bl to Figueroa Pl
1P365 M,15,8:00 AM,10:00 AM,Lomita Bl to PCH- Avalon Bl to Wilmington Bl
1P365 Tu,15,8:00 AM,10:00 AM,Lomita Bl to PCH- Avalon Bl to Wilmington Bl
20P215 F,6/7,10:00 AM,12:00 PM,Nordhoff St. to Lanark St. / Noble Av. to Orion Av.
20P215 M,6/7,10:00 AM,12:00 PM,Nordhoff St. to Lanark St. / Noble Av. to Orion Av.
20P216A F,2/6,8:00 AM,10:00 AM,Cantara St. to Sherman Way / Ventura Cyn. To Van Nuys Bl.
20P216A M,2/6,8:00 AM,10:00 AM,Cantara St. to Sherman Way / Ventura Cyn. To Van Nuys Bl.
20P216B F,2/6,8:00 AM,10:00 AM,Sherman Way to Victory Bl. / Fulton Av. to Van Nuys Bl.
20P216B M,2/6,8:00 AM,10:00 AM,Sherman Way to Victory Bl. / Fulton Av. to Van Nuys Bl.
20P301 F,2/6,10:00 AM,12:00 PM,Victory Bl. Ventura Fwy. / Tyrone Av. to Coldwater Cyn.
20P301 M,2/6,10:00 AM,12:00 PM,Victory Bl. Ventura Fwy. / Tyrone Av. to Coldwater Cyn.
20P302 F,4/6,12:00 PM,2:00 PM,Oxnard St. to Camarillo St. / Matilija Av. to Sepulveda Bl.
20P302 M,4/6,12:00 PM,2:00 PM,Oxnard St. to Camarillo St. / Matilija Av. to Sepulveda Bl.
20P303 M,4/6,8:00 AM,10:00 AM,Oxnard St. to Burbank Bl. / Woodman Av. to Hazeltine Av.
20P303 Tu,46,8:00 AM,10:00 AM,Oxnard St. to Burbank Bl. / Woodman Av. to Hazeltine Av.
20P360 F,2/6,8:00 AM,10:00 AM,Arleta Av. to Raymer St. / Van Nuys Bl. to Noble Av.
20P360 M,2/6,8:00 AM,10:00 AM,Arleta Av. to Raymer St. / Van Nuys Bl. to Noble Av.
20P361 F,6,12:00 PM,2:00 PM,Marson St. to Sylvan St. / Van Nuys Bl to 405 Fwy.
20P361 M,6,12:00 PM,2:00 PM,Marson St. to Sylvan St. / Van Nuys Bl to 405 Fwy.
20P362 M,6,12:00 PM,2:00 PM,Sepulveda Bl. to 405 Fwy. / Sherman Way to Victory Bl.
20P362 Tu,6,12:00 PM,2:00 PM,Sepulveda Bl. to 405 Fwy. / Sherman Way to Victory Bl.
20P363 M,6,10:00 AM,12:00 PM,Victory Bl. to Sherman Way / Kester Av. to Sepulveda Bl.
20P363 Tu,6,10:00 AM,12:00 PM,Victory Bl. to Sherman Way / Kester Av. to Sepulveda Bl.
20P364 M,6,8:00 AM,10:00 AM,Sherman Way to Vanowen St. / Van Nuys Bl. to Kester Av.
20P364 Tu,6,8:00 AM,10:00 AM,Sherman Way to Vanowen St. / Van Nuys Bl. to Kester Av.
20P365 M,6,8:00 AM,10:00 AM,Vanowen St. to Victory Bl. / Van Nuys Bl. to Kester Av.
20P365 Tu,6,8:00 AM,10:00 AM,Vanowen St. to Victory Bl. / Van Nuys Bl. to Kester Av.
20P366 M,2,12:00 PM,2:00 PM,Sherman Way to Vanowen St. / Woodman Av. to Hazeltine Avv.
20P366 Tu,2,12:00 PM,2:00 PM,Sherman Way to Vanowen St. / Woodman Av. to Hazeltine Avv.
20P367  M,6,12:00 PM,2:00 PM,Sherman Way to Vanowen St. / Hazeltine Av. to Van Nuys Bl.
20P367 Tu,6,12:00 PM,2:00 PM,Sherman Way to Vanowen St. / Hazeltine Av. to Van Nuys Bl.
20P368 M,6,10:00 AM,12:00 PM,Vanowen St to Victory Bl. / Hazeltine Av. to Van Nuys Bl.
20P368 Tu,6,10:00 AM,12:00 PM,Vanowen St to Victory Bl. / Hazeltine Av. to Van Nuys Bl.
20P369 M,6,10:00 AM,12:00 PM,Victory Bl. to Oxnard St. / Hazeltine Av. to Van Nuys Bl.
20P369 Tu,6,10:00 AM,12:00 PM,Victory Bl. to Oxnard St. / Hazeltine Av. to Van Nuys Bl.
20P370 M,6,8:00 AM,10:00 AM,Victory Bl. to Oxnard St. / Van Nuys Bl. to Kester Av.
20P370 Tu,6,8:00 AM,10:00 AM,Victory Bl. to Oxnard St. / Van Nuys Bl. to Kester Av.
20P371 M,6,8:00 AM,10:00 AM,Victory Bl. to Oxnard St. / Kester Av. to 405 Fwy.
20P371 Tu,6,8:00 AM,10:00 AM,Victory Bl. to Oxnard St. / Kester Av. to 405 Fwy.
20P372 M,4,12:00 PM,2:00 PM,Oxnard St. to Burbank Bl. / Hazeltine Av. to Van Nuys Bl.
20P372 Tu,4,12:00 PM,2:00 PM,Oxnard St. to Burbank Bl. / Hazeltine Av. to Van Nuys Bl.
20P373 M,4,12:00 PM,2:00 PM,Burbank Bl. to Magnolia Bl. / Hazeltine Av. to Van Nuys Bl.
20P373 Tu,4,12:00 PM,2:00 PM,Burbank Bl. to Magnolia Bl. / Hazeltine Av. to Van Nuys Bl.
20P374 M,4,10:00 AM,12:00 PM,Oxnard St. to Burbank Bl. / Van Nuys Bl to Kester AV.
20P374 Tu,4,10:00 AM,12:00 PM,Oxnard St. to Burbank Bl. / Van Nuys Bl to Kester AV.
20P375 M,4,10:00 AM,12:00 PM,Burbank Bl. to Magnolia Bl. / Van Nuys Bl. to Kester Av.
20P375 Tu,4,10:00 AM,12:00 PM,Burbank Bl. to Magnolia Bl. / Van Nuys Bl. to Kester Av.
20P376 M,4,8:00 AM,10:00 AM,Oxnard St. to Burbank Bl. / Kester Av. to Sepulveda Bl.
20P376 Tu,4,8:00 AM,10:00 AM,Oxnard St. to Burbank Bl. / Kester Av. to Sepulveda Bl.
20P377 M,4,8:00 AM,10:00 AM,Burbank Bl. to Magnolia Bl. / Kester Av. to Sepulveda Bl.
20P377 Tu,4,8:00 AM,10:00 AM,Burbank Bl. to Magnolia Bl. / Kester Av. to Sepulveda Bl.
21P189 F,3,8:00 AM,10:00 AM,WILBUR AV./ ETIWANDA AV. TO BALBOA AV. / VICTORY BL. TO BURBANK BL.
21P189 M,3,8:00 AM,10:00 AM,WILBUR AV./ ETIWANDA AV. TO BALBOA AV. / VICTORY BL. TO BURBANK BL.
21P190 Tu,3/5,8:00 AM,10:00 AM,OXNARD ST. TO VENTURA FRWY./ WHITE OAK AV. TO ETIWANDA AV.
21P190 W,3/5,8:00 AM,10:00 AM,OXNARD ST. TO VENTURA FRWY./ WHITE OAK AV. TO ETIWANDA AV.
21P191 Tu,5,10:00 AM,12:00 PM,OXNARD ST TO BURBANK BL ./  LOUISE AV. TO WHITE OAK AV.
21P191 W,5,10:00 AM,12:00 PM,OXNARD ST TO BURBANK BL ./  LOUISE AV. TO WHITE OAK AV.
21P192 Tu,5,12:00 PM,2:00 PM,OXNARD ST TO BURBANK BL ./ WISH AV. TO LOUISE AV.
21P192 W,5,12:00 PM,2:00 PM,OXNARD ST TO BURBANK BL ./ WISH AV. TO LOUISE AV.
21P300 F,3/6,8:00 AM,11:00 AM,HASKEL AV. TO LINDLEY AV./SATICOY ST. TO VICTORY BL.
21P300 M,3/6,8:00 AM,11:00 AM,HASKEL AV. TO LINDLEY AV./SATICOY ST. TO VICTORY BL.
21P301 F,3/6,12:00 PM,2:00 PM,VANOWEN ST TO VICTORY BL./WOODLEY AV. TO SAN DIEGO FRWY.
21P301 M,3/6,12:00 PM,2:00 PM,VANOWEN ST TO VICTORY BL./WOODLEY AV. TO SAN DIEGO FRWY.
21P359 F,3,8:00 AM,10:00 AM,WYANDOTE ST. TO VICTORY BL./YOLANDA AV. TO CORBIN AV.
21P359 W,3,8:00 AM,10:00 AM,WYANDOTE ST. TO VICTORY BL./YOLANDA AV. TO CORBIN AV.
21P360 F,3,8:00 AM,10:00 AM,ROSCOE BL. TO VICTORY BL./LINDLEY AV. TO WILBUR AV.
21P360 W,3,8:00 AM,10:00 AM,ROSCOE BL. TO VICTORY BL./LINDLEY AV. TO WILBUR AV.
22P188 F,12,8:00 AM,10:00 AM,RINALDI ST. TO ROSCOE BL./HASKEL AV. TO BALBOA BL.
22P188 M,12,8:00 AM,10:00 AM,RINALDI ST. TO ROSCOE BL./HASKEL AV. TO BALBOA BL.
22P189 F,12,10:00 AM,12:00 PM,Los Alimos to Plummer st./Balboa av. To Lindley av.
22P189 Th,12,10:00 AM,12:00 PM,Los Alimos to Plummer st./Balboa av. To Lindley av.
22P190 M,12,8:00 AM,10:00 AM,Rinaldi st. to Sqn Fernando Mission bl./Sepulveda bl. To Haskel av.
22P190 Tu,12,8:00 AM,10:00 AM,Rinaldi st. to Sqn Fernando Mission bl./Sepulveda bl. To Haskel av.
22P192 F,12,8:00 AM,10:00 AM,Rinaldi st. to San Fernando Mission bl./Balboa bl. To Louise av.
22P192 Th,12,8:00 AM,10:00 AM,Rinaldi st. to San Fernando Mission bl./Balboa bl. To Louise av.
22P193 M,12,8:00 AM,10:00 AM,San Fernando Mission Bl. To Chatsworth st./Sepulveda bl. To Haskel av.
22P193 Tu,12,8:00 AM,10:00 AM,San Fernando Mission Bl. To Chatsworth st./Sepulveda bl. To Haskel av.
22P194 M,12,10:00 AM,12:00 PM,San Fernando Mission bl. To Chatsworth st. / Haskel av. To Woodley av.
22P194 Tu,12,10:00 AM,12:00 PM,San Fernando Mission bl. To Chatsworth st. / Haskel av. To Woodley av.
22P195 M,12,12:00 PM,2:00 PM,San Fernando Mission bl. To Chatsworth st. / Woodley av. To Hayvenhurst av.
22P195 Tu,12,12:00 PM,2:00 PM,San Fernando Mission bl. To Chatsworth st. / Woodley av. To Hayvenhurst av.
22P196 M,12,12:00 PM,2:00 PM,Chatsworth st. to devonshire st./Sepulveda bl. To Haskel av.
22P196 Tu,12,12:00 PM,2:00 PM,Chatsworth st. to devonshire st./Sepulveda bl. To Haskel av.
22P197 M,12,12:00 PM,2:00 PM,Chatsworth st. to Devonshire st./Haskel av. To Woodley av.
22P197 Tu,12,12:00 PM,2:00 PM,Chatsworth st. to Devonshire st./Haskel av. To Woodley av.
22P198 M,12,12:00 PM,2:00 PM,Chatsworth st. to Devonshire st./Woodley av. To Hayvenhurst
22P198 Tu,12,12:00 PM,2:00 PM,Chatsworth st. to Devonshire st./Woodley av. To Hayvenhurst
22P199 M,12,8:00 AM,10:00 AM,Devonshire st. to Lassen st. / Sepulveda bl. To Haskel av.
22P199 Tu,12,8:00 AM,10:00 AM,Devonshire st. to Lassen st. / Sepulveda bl. To Haskel av.
22P200 M,12,10:00 AM,12:00 PM,Devonshire st. to Lassen st. / Woodley av. To Hayvenhurst av.
22P200 Tu,12,10:00 AM,12:00 PM,Devonshire st. to Lassen st. / Woodley av. To Hayvenhurst av.
22P201 M,12,12:00 PM,2:00 PM,Devonshire st. to Lassen st. / Woodley av. To Hayvenhurst av.
22P201 Tu,12,12:00 PM,2:00 PM,Devonshire st. to Lassen st. / Woodley av. To Hayvenhurst av.
22P203 M,12,10:00 AM,12:00 PM,Chatsworth st. to devonshire st. / Hayvenhurst av. To Balboa bl.
22P203 Tu,12,10:00 AM,12:00 PM,Chatsworth st. to devonshire st. / Hayvenhurst av. To Balboa bl.
22P204 M,12,8:00 AM,10:00 AM,San Fernando Mission bl. To Chatsworth st./Hayvenhurst av. To Balboa bl.
22P204 Tu,12,8:00 AM,10:00 AM,San Fernando Mission bl. To Chatsworth st./Hayvenhurst av. To Balboa bl.
22P206 F,12,10:00 AM,12:00 PM,Rinaldi st. to San Fernando Mission bl./Balboa bl. To Louise av.
22P206 Th,12,10:00 AM,12:00 PM,Rinaldi st. to San Fernando Mission bl./Balboa bl. To Louise av.
22P207 M,12,8:00 AM,10:00 AM,San Fernando Mission bl. To Chatsworth st./ Balboa bl. To Louise av.
22P207 Tu,12,8:00 AM,10:00 AM,San Fernando Mission bl. To Chatsworth st./ Balboa bl. To Louise av.
22P208 M,12,10:00 AM,12:00 PM,Chatsworth st. to Devonshire st. / Balboa bl. To Louise av.
22P208 Tu,12,10:00 AM,12:00 PM,Chatsworth st. to Devonshire st. / Balboa bl. To Louise av.
23P187  Th,3,8:00 AM,11:00 AM,San Jose st. to Roscoe bl. / Oakdale av. To Topanga Canyon bl.
4P108 Tu,13,8:00 AM,11:00 AM,Hoover st to Shatto Pl- 1st to 6th st
23P187 F,3,8:00 AM,11:00 AM,San Jose st. to Roscoe bl. / Oakdale av. To Topanga Canyon bl.
23P188 Th,3,8:00 AM,10:00 AM,Parthenia st. to Roscoe bl. / Mason av. To De Soto av.
23P188 W,3,8:00 AM,10:00 AM,Parthenia st. to Roscoe bl. / Mason av. To De Soto av.
23P194 F,3,12:00 PM,2:00 PM,Parthenia st. to Roscoe bl. / Lindley av. To Reseda bl.
23P194 Th,3,12:00 PM,2:00 PM,Parthenia st. to Roscoe bl. / Lindley av. To Reseda bl.
23P303 F,3,10:00 AM,1:00 PM,Chatsworth st. to Roscoe bl. / Lindley av. To Tampa av.
23P303 Th,3,10:00 AM,1:00 PM,Chatsworth st. to Roscoe bl. / Lindley av. To Tampa av.
24P190 Th,3,8:00 AM,10:00 AM,Saticoy st. To Deering av. / Winnetka av. To Variel av.
24P190 W,3,8:00 AM,10:00 AM,Saticoy st. To Deering av. / Winnetka av. To Variel av.
24P299 Tu,3,8:00 AM,10:00 AM,Vanowen st. to Ventura bl. / Topanga Canyon  bl. To Manton av.
24P299M,3,8:00 AM,10:00 AM,Vanowen st. to Ventura bl. / Topanga Canyon  bl. To Manton av.
24P300 Th,3,8:00 AM,10:00 AM,Saticoy St. to Sherman Way / Canoga av. To Topanga Canyon bl.
24P300 W,3,8:00 AM,10:00 AM,Saticoy St. to Sherman Way / Canoga av. To Topanga Canyon bl.
24P301 Th,3,9:00 AM,11:00 AM,Roscoe bl. To Saticoy st. / Variel av. To Topanga Canyon Bl.
24P301 W,3,9:00 AM,11:00 AM,Roscoe bl. To Saticoy st. / Variel av. To Topanga Canyon Bl.
24P302 M,3/12,12:00 PM,2:00 PM,Fallbrook av. / Roscoe bl. To Ventura Fwy. & Bigler st. Dunman av. To Abbyville av.
24P302 Tu,3/12,12:00 PM,2:00 PM,Fallbrook av. / Roscoe bl. To Ventura Fwy. & Bigler st. Dunman av. To Abbyville av.
24P303 M,3,10:00 AM,12:00 PM,Saticoy st. to Sherman Way / Topanga Canyon bl.
24P303 Tu,3,10:00 AM,12:00 PM,Saticoy st. to Sherman Way / Topanga Canyon bl.
24P304 Th,3,10:00 AM,12:00 PM,Mason av. To De Soto av. / Saticoy st. to Sherman way
24P304 W,3,10:00 AM,12:00 PM,Mason av. To De Soto av. / Saticoy st. to Sherman way
24P305 Th,3,8:00 AM,10:00 AM,Saticoy st. to Sherman way / De Soto av. To Canoga av.
24P305 W,3,8:00 AM,10:00 AM,Saticoy st. to Sherman way / De Soto av. To Canoga av.
24P307 Th,3,8:00 AM,10:00 AM,Sherman way to Los Angelas River / De Soto av. To Deering av.
24P307 W,3,8:00 AM,10:00 AM,Sherman way to Los Angelas River / De Soto av. To Deering av.
24P308 Th,3,12:00 PM,2:00 PM,Saticoy st. to Sherman way / Winnetka av. To Mason av.
24P308 W,3,12:00 PM,2:00 PM,Saticoy st. to Sherman way / Winnetka av. To Mason av.
24P310 M,3,8:00 AM,10:00 AM,Bassett av. To Sherman way / Canoga av. To Topanga Canyon bl.
24P310 Tu,3,8:00 AM,10:00 AM,Bassett av. To Sherman way / Canoga av. To Topanga Canyon bl.
24P311 Th,3,10:00 AM,12:00 PM,Sherman way to Vanowen st. / Mason av. To De Soto av.
24P311 W,3,10:00 AM,12:00 PM,Sherman way to Vanowen st. / Mason av. To De Soto av.
24P312 Th,3,12:00 PM,2:00 PM,Sherman way to Vanowen st. / Topanga Canyon Bl. To Shoup av.
24P312 W,3,12:00 PM,2:00 PM,Sherman way to Vanowen st. / Topanga Canyon Bl. To Shoup av.
24P313 Th,12,8:00 AM,10:00 AM,Shoup av. To Fallbrook av. / Roscoe bl. To Saticoy st.
24P313 W,12,8:00 AM,10:00 AM,Shoup av. To Fallbrook av. / Roscoe bl. To Saticoy st.
24P314 Th,12,10:00 AM,12:00 PM,Shoup av. To Fallbrook av. / Saticoy st. to Sherman way
24P314 W,12,10:00 AM,12:00 PM,Shoup av. To Fallbrook av. / Saticoy st. to Sherman way
24P315 Th,12,12:00 PM,2:00 PM,Sherman way to Vanowen st. / Shoup av. To Fallbrook av.
24P315 W,12,12:00 PM,2:00 PM,Sherman way to Vanowen st. / Shoup av. To Fallbrook av.
24P316 Th,12,8:00 AM,10:00 AM,Fallbrook av. To Woodlake av. / Roscoa bl. To Saticoy st.
24P316 W,12,8:00 AM,10:00 AM,Fallbrook av. To Woodlake av. / Roscoa bl. To Saticoy st.
24P317 Th,12,10:00 AM,12:00 PM,Fallbrook av. To woodlake av. / saticoy st. to sherman way
24P317 W,12,10:00 AM,12:00 PM,Fallbrook av. To woodlake av. / saticoy st. to sherman way
24P318 Th,12,12:00 PM,2:00 PM,fallbrook av. To woodlake av. / sherman way to  vanowen st.
24P318 W,12,12:00 PM,2:00 PM,fallbrook av. To woodlake av. / sherman way to  vanowen st.
24P319 Th,12,12:00 PM,2:00 PM,woodlake av. To el escorpion crk/schoolcraft st to vanowen st
24P319 W,12,12:00 PM,2:00 PM,woodlake av. To el escorpion crk/schoolcraft st to vanowen st
2P124 M,8,8:00 AM,10:00 AM,79th st to 85th st -Main st to 85th Pl
2P124 Tu,8,8:00 AM,10:00 AM,79th st to 85th st -Main st to 85th Pl
2P125 M,8,8:00 AM,10:00 AM,79th st to 85th st-Harbor Fwy to Vermont Ave
2P125 Tu,8,8:00 AM,10:00 AM,79th st to 85th st-Harbor Fwy to Vermont Ave
2P134 Th,15,8:00 AM,10:00 AM,92nd St to 103rd St- Graham Ave to Cresus Ave
2P134 W,15,8:00 AM,10:00 AM,92nd St to 103rd St- Graham Ave to Cresus Ave
2P135 Th,15,10:00 AM,12:00 PM,92nd St to 103rd st- Grandee Ave to Success Ave
2P135 W,15,10:00 AM,12:00 PM,92nd St to 103rd st- Grandee Ave to Success Ave
2P206 Th,15,8:00 AM,10:00 AM,El Segundo Bl to Rosecran Ave- Hoover st to Vermont Ave
2P206 W,15,8:00 AM,10:00 AM,El Segundo Bl to Rosecran Ave- Hoover st to Vermont Ave
2P207 F,15,9:00 AM,11:00 AM,120th st to El Segundo Bl-Figueroa st City Limits to Vermont Ave
2P207 W,15,9:00 AM,11:00 AM,120th st to El Segundo Bl-Figueroa st City Limits to Vermont Ave
2P229 M,8/15,10:00 AM,12:00 PM,Main St to Alvalon Bl- 79th st to Manchester Ave
2P229 Tu,8,10:00 AM,12:00 PM,Main St to Alvalon Bl- 79th st to Manchester Ave
2P230 M,8,10:00 AM,12:00 PM,79th st to Manchester Ave- Central Ave to Avalon Bl
2P230 Tu,8,10:00 AM,12:00 PM,79th st to Manchester Ave- Central Ave to Avalon Bl
2P231 M,8,9:30 AM,11:30 AM,Manchester Ave to 95th st-Avalon Bl to Main St
2P231 Tu,8,9:30 AM,11:30 AM,Manchester Ave to 95th st-Avalon Bl to Main St
2P232 M,8,12:00 PM,2:30 PM,Manchester Ave to 93rd St- Central Ave to Avalon Bl
2P232 Tu,8,12:00 PM,2:30 PM,Manchester Ave to 93rd St- Central Ave to Avalon Bl
2P233 M,8,7:30 AM,9:30 AM,98th st to 106th st- Central Ave to Avalon Bl
2P233 Tu,8,7:30 AM,9:30 AM,98th st to 106th st- Central Ave to Avalon Bl
2P234 M,8,12:00 PM,2:30 PM,Colden Ave to 91st St to 104th St- Main St to Figueroa St
2P234 Tu,8,12:00 PM,2:30 PM,Colden Ave to 91st St to 104th St- Main St to Figueroa St
2P235 M,8,8:00 AM,10:00 AM,93rd St to 98th st- Central Ave to Main St
2P235 Tu,8,8:00 AM,10:00 AM,93rd St to 98th st- Central Ave to Main St
2P236 M,8,9:30 AM,11:30 AM,9th St to 110th St - Avalon Bl to Main St
2P236 Tu,8,9:30 AM,11:30 AM,9th St to 110th St - Avalon Bl to Main St
2P237 Th,15,7:30 AM,9:30 AM,103rd to 110th St- Comton Ave to Avalon BL
2P237 W,15,7:30 AM,9:30 AM,103rd to 110th St- Comton Ave to Avalon BL
2P238 Th,8,12:00 PM,2:30 PM,104th to Imperial Hwy- main st to Figueroa St
2P238 W,8,12:00 PM,2:30 PM,104th to Imperial Hwy- main st to Figueroa St
2P239 Th,8,9:30 AM,11:30 AM,Imperial Hwy to City Limits- Main St to Figueroa St
2P239 W,8,9:30 AM,11:30 AM,Imperial Hwy to City Limits- Main St to Figueroa St
2P240 Th,8,7:30 AM,9:30 AM,111th St to 120th st Avalon Bl to Main St
2P240 W,8,7:30 AM,9:30 AM,111th St to 120th st Avalon Bl to Main St
2P241 Th,8,12:00 PM,2:30 PM,Imperial Hwy to 120th st -Central Ave to Avalon Bl
2P241 W,8,12:00 PM,2:30 PM,Imperial Hwy to 120th st -Central Ave to Avalon Bl
2P242 Th,8,9:30 AM,11:30 AM,108 st to Imperial Hwy-Zamora Ave & Central Ave to Avalon BL
2P242 W,8,9:30 AM,11:30 AM,108 st to Imperial Hwy-Zamora Ave & Central Ave to Avalon BL
2P243 Th,15,12:00 PM,2:30 PM,104th St & 113th st to City BDY- Croesus Ave & Willowbrook Ave - Graham Ave to Compton
2P243 W,15,12:00 PM,2:30 PM,104th St & 113th st to City BDY- Croesus Ave & Willowbrook Ave - Graham Ave to Compton
2P244 Th,15,9:30 AM,11:30 AM,103rd st to Imperial Hwy-Mona Bl to Graham ave
2P244 W,15,9:30 AM,11:30 AM,103rd st to Imperial Hwy-Mona Bl to Graham ave
2P245 Th,15,12:00 PM,2:00 PM,103rd st to Santa Ana Bl- City BDY to Willmington Ave
2P245 W,15,12:00 PM,2:00 PM,103rd st to Santa Ana Bl- City BDY to Willmington Ave
2P246 M,8,12:00 PM,2:30 PM,Manchester Ave & 85th st to Colden ave & 91st st -Main St to Figueroa
2P246 Tu,8,12:00 PM,2:30 PM,Manchester Ave & 85th st to Colden ave & 91st st -Main St to Figueroa
2P247 F,15,8:00 AM,10:00 AM,222 Street to 228th st - Normandie Ave to Western Ave
2P247 W,15,8:00 AM,10:00 AM,222 Street to 228th st - Normandie Ave to Western Ave
2P248 F,15,10:00 AM,12:00 PM,Torrance Bl to Carson St- Normandie Ave to Western Ave
2P248 W,15,10:00 AM,12:00 PM,Torrance Bl to Carson St- Normandie Ave to Western Ave
2P249 F,15,12:00 PM,2:00 PM,182nd St to 405fwy- Vermont Ave to Western Ave
2P249 W,15,12:00 PM,2:00 PM,182nd St to 405fwy- Vermont Ave to Western Ave
2P318 M,8,8:00 AM,10:00 AM,Manchester Ave to Colden Ave -Figueroa St to Vermont Ave
2P318 Tu,8,8:00 AM,10:00 AM,Manchester Ave to Colden Ave -Figueroa St to Vermont Ave
2P319 M,8,10:00 AM,12:00 PM,97th St to 106th st -Figueroa st to Vermont Ave
2P319 Tu,8,10:00 AM,12:00 PM,97th St to 106th st -Figueroa st to Vermont Ave
2P320 M,8,12:30 PM,2:30 PM,106th St to Imperial Hwy- Figueroa St to Vermont Ave
2P320 Tu,8,12:30 PM,2:30 PM,106th St to Imperial Hwy- Figueroa St to Vermont Ave
3NP246 F,9,4:00 AM,6:30 AM,Jefferson BL to MLK BL- Main St to Figueroa Ave
3NP246 Th,9,4:00 AM,6:30 AM,Jefferson BL to MLK BL- Main St to Figueroa Ave
3NP248 Tu,9,4:00 AM,6:30 AM,Santa Monica Fwy to Adams Blvd- Main St to Harbor Fwy
3NP248 W,9,4:00 AM,6:30 AM,Santa Monica Fwy to Adams Blvd- Main St to Harbor Fwy
3NP249 Tu,9,4:00 AM,6:30 AM,Adams Blvd to Jefferson Blvd- Main St to Figueroa St
3NP249 W,9,4:00 AM,6:30 AM,Adams Blvd to Jefferson Blvd- Main St to Figueroa St
3NP310 M,9,4:00 AM,6:30 AM,Washingon Blvd to 50th St-Alameda St to Long Beach Ave
3NP310 Tu,9,4:00 AM,6:30 AM,Washingon Blvd to 50th St-Alameda St to Long Beach Ave
3P113 F,9,12:00 PM,2:00 PM,32nd St to Slauson Ave-Central Ave to Hooper Ave 
3P113 Th,9,12:00 PM,2:00 PM,32nd St to Slauson Ave-Central Ave to Hooper Ave 
3P114 F,9,10:00 AM,12:00 PM,Martin L King Blvd to 57th Ave - Central Ave to McKinley Ave
3P114 Th,9,10:00 AM,12:00 PM,Martin L King Blvd to 57th Ave - Central Ave to McKinley Ave
3P119 F,9,12:00 PM,2:00 PM,Washington Blvd to 29th St - Hooper Ave to Central Ave
3P119 Th,9,12:00 PM,2:00 PM,Washington Blvd to 29th St - Hooper Ave to Central Ave
3P123 M,8,12:00 PM,3:00 PM,73rd to 79th st -Main St to Vermont Ave
3P123 Tu,8,12:00 PM,3:00 PM,73rd to 79th st -Main St to Vermont Ave
3P161 M,8,8:00 AM,10:00 AM,Slauson Ave to Gage Ave-Harbor Fwy to Vermont Ave
3P161 Tu,8,8:00 AM,10:00 AM,Slauson Ave to Gage Ave-Harbor Fwy to Vermont Ave
3P204 F,9,8:00 AM,10:00 AM,8th St to Olympic Blvd-Lorena St to Soto St 
3P204 Th,9,8:00 AM,10:00 AM,8th St to Olympic Blvd-Lorena St to Soto St 
3P217 F,9,8:00 AM,10:00 AM,Martin L King Blvd to 55th St McKinley Ave to Avalon Blvd
3P217 Th,9,8:00 AM,10:00 AM,Martin L King Blvd to 55th St McKinley Ave to Avalon Blvd
3P226 M,8,10:00 AM,12:00 PM,59th St to Florence Ave - Main St to Figueroa
3P226 Tu,8,10:00 AM,12:00 PM,59th St to Florence Ave - Main St to Figueroa
3P227 M,8,8:00 AM,10:00 AM,Slauson Ave to 65th st- Avalon Bl to Olive St
3P227 Tu,8,8:00 AM,10:00 AM,Slauson Ave to 65th st- Avalon Bl to Olive St
3P228 M,8,10:00 AM,12:00 PM,65th St to 77th St - Avalon Blvd to Main St
3P228 Tu,8,10:00 AM,12:00 PM,65th St to 77th St - Avalon Blvd to Main St
3P229 M,8,8:00 AM,10:00 AM,Florence Ave to 79th St- Central Ave to Main St & Avalon Blvd
3P229 Tu,8,8:00 AM,10:00 AM,Florence Ave to 79th St- Central Ave to Main St & Avalon Blvd
3P247 M,9,8:00 AM,11:00 AM,Vernon Ave to Slauson Ave- Figueroa St to Vermont Ave
3P247 W,9,8:00 AM,11:00 AM,Vernon Ave to Saluson Ave - Figueroa St to Vermont Ave
3P250 F,9,10:00 AM,12:00 PM,Main St to Avalon Blvd-Vernon Ave to 58th St
3P250 Th,9,10:00 AM,12:00 PM,Main St to Avalon Blvd-Vernon Ave to 58th St
3P251 F,9,8:00 AM,10:00 AM,16th St to Jefferson Blvd-Main St to San Pedro St
3P251 Th,9,8:00 AM,10:00 AM,16th St to Jefferson Blvd-Main St to San Pedro St
3P252 F,9,12:00 PM,2:00 PM,Jefferson Blvd to Vernon Ave-Main St to Avalon Blvd
3P252 Th,9,12:00 PM,2:00 PM,Jefferson Blvd to Vernon Ave-Main St to Avalon Blvd
3P256 Tu,8/9,8:00 AM,11:00 AM,Santa Monica Fwy to Jefferson Blvd-Harbor Fwy to Vermont Ave
3P256 W,8/9,8:00 AM,11:00 AM,Santa Monica Fwy to Jefferson Blvd-Harbor Fwy to Vermont Ave
3P273 F,14,10:00 AM,12:00 PM,Santa Ana Fwy to 8th St-Indiana St to Fickett St
3P273 Th,14,10:00 AM,12:00 PM,Santa Ana Fwy to 8th St-Indiana St to Fickett St
3P303 F,9,8:00 AM,10:00 AM,Martin L King Blvd to Slauson Ave - Grand Ave to Main St
3P303 Th,9,8:00 AM,10:00 AM,Martin L King Blvd to Slauson Ave - Grand Ave to Main St
3P304 F,9,8:00 AM,10:00 AM,21st St to 41st St - Long Beach Ave to Hooper Ave
3P304 Th,9,8:00 AM,10:00 AM,21st St to 41st St - Long Beach Ave to Hooper Ave
3P305 F,9,10:00 AM,12:00 PM,41st St to 48th Pl - Long Beach Ave to Hooper Ave
3P305 Th,9,10:00 AM,12:00 PM,41st St to 48th Pl - Long Beach Ave to Hooper Ave
3P306 F,9,12:00 PM,2:00 PM,48th St to Slauson Ave-Long Beach Ave to Hooper Ave   McGarry St to Long Beach Ave-51st St to 55th St
3P306 Th,9,12:00 PM,2:00 PM,48th St to Slauson Ave-Long Beach Ave to Hooper Ave   McGarry St to Long Beach Ave-51st St to 55th St
3P307 F,9,10:00 AM,1:00 PM,Washington Bl to Martin L King Bl-Central Ave to San Pedro St
3P307 Th,9,10:00 AM,1:00 PM,Washington Bl to Martin L King Bl-Central Ave to San Pedro St
3P308 M,9,11:00 AM,2:00 PM,Exposition Blvd to Vernon Ave-Harbor Fwy to Vermont Ave- Vernon Ave to Slauson Ave-Harbor Fwy to Figueroa St
3P308 W,9,11:00 AM,2:00 PM,Exposition Blvd to Vernon Ave-Harbor Fwy to Vermont Ave- Vernon Ave to Slauson Ave-Harbor Fwy to Figueroa St
3P309 M,8,10:00 AM,12:00 PM,Gage St to Florence Ave- Flower St to Vermont Ave
3P309 Tu,8,10:00 AM,12:00 PM,Gage St to Florence Ave- Flower St to Vermont Ave
3P311 M,9,12:00 PM,2:00 PM,52nd St to Slauson Ave-Alameda St to Long Beach Ave
3P311 Tu,9,12:00 PM,2:00 PM,52nd St to Slauson Ave-Alameda St to Long Beach Ave
4P109 M,13,8:00 AM,11:00 AM,Virgil Ave to Vermont - Oakwood Ave to 3rd st
4P109 Tu,13,8:00 AM,11:00 AM,Virgil Ave to Vermont - Oakwood Ave to 3rd st
4P122 F,1,12:00 PM,3:00 PM,Lake St to LaFayette Park Pl - 6th st to Olympic Bl
4P122 Th,1,12:00 PM,3:00 PM,Lake St to LaFayette Park Pl - 6th st to Olympic Bl
4P123 F,1/10,12:00 PM,2:00 PM,6th st to Olympic Bl- Hoover St to Vermont Ave
4P123 Th,1/10,12:00 PM,2:00 PM,6th st to Olympic Bl- Hoover St to Vermont Ave
4P130 F,1,10:00 AM,12:00 PM,Olympic Bl to Pico Bl- Alvarado st to Vermont Ave
4P130 Th,1,10:00 AM,12:00 PM,Olympic Bl to Pico Bl- Alvarado st to Vermont Ave
4P131 Tu,14,10:00 AM,12:00 PM,Cesar Chavez Ave to 6th st- Mott St to Cummings St
4P131 W,14,10:00 AM,12:00 PM,Cesar Chavez Ave to 6th st- Mott St to Cummings St
4P132 F,14,8:00 AM,11:00 AM,4th st to Santa Ana Fwy- Euclid St to Boyle Ave
4P132 Th,14,8:00 AM,11:00 AM,4th st to Santa Ana Fwy- Euclid St to Boyle Ave
4P166 F,1/9,10:00 AM,12:00 PM,Olympic Bl to Pico Bl- Georgia St to Alvarado St
4P166 Th,1/9,10:00 AM,12:00 PM,Olympic Bl to Pico Bl- Georgia St to Alvarado St
4P167 F,1/9,8:00 AM,10:00 AM,Pico Bl to Santa Monica Fwy- Bonnie Brae to Vermont Ave
4P167 Th,1/9,8:00 AM,10:00 AM,Pico Bl to Santa Monica Fwy- Bonnie Brae to Vermont Ave
4P168 F,1,8:00 AM,10:00 AM,Pico Bl to Santa Monica fwy- Harbor Fwy to Hoover St
4P168 Th,1,8:00 AM,10:00 AM,Pico Bl to Santa Monica fwy- Harbor Fwy to Hoover St
4P178 M,13,12:00 PM,3:00 PM,Beverly Bl to 3rd St- Loma Dr to Alvarado St
4P178 Tu,13,12:00 PM,3:00 PM,Beverly Bl to 3rd St- Loma Dr to Alvarado St
4P179 M,13,8:00 AM,11:00 AM,Ross Loos Pl to Beverly Bl - Union Ave to Alvarado st
4P179 Tu,13,8:00 AM,11:00 AM,Ross Loos Pl to Beverly Bl - Union Ave to Alvarado st
4P180 M,1,12:00 PM,3:00 PM,3rd St to 6th st- Loma Dr toAlvarado St
4P180 Tu,1,12:00 PM,3:00 PM,3rd St to 6th st- Loma Dr toAlvarado St
4P181 M,13,8:00 AM,11:00 AM,Palo Alto St to Beverly Bl- Glendale Bl to Union Ave
4P181 Tu,13,8:00 AM,11:00 AM,Palo Alto St to Beverly Bl- Glendale Bl to Union Ave
4P182 M,13,10:00 AM,1:00 PM,Temple St to 3rd St- Alvarado Bl to Rampart Bl
4P182 Tu,13,10:00 AM,1:00 PM,Temple St to 3rd St- Alvarado Bl to Rampart Bl
4P183 F,1,12:00 PM,3:00 PM,6th st to 7th st -Harbor Fwy to Alvarado St
4P183 Th,1,12:00 PM,3:00 PM,6th st to 7th st -Harbor Fwy to Alvarado St
4P184 F,1,12:00 PM,3:00 PM,7th st to Olympic Bl- Harbor Fwy to to Alvarado St
4P184 Th,1,12:00 PM,3:00 PM,7th st to Olympic Bl- Harbor Fwy to to Alvarado St
4P185 M,1/13,12:00 PM,3:00 PM,Beverly Bl to 6th st- Lake st to Dillon St
4P185 Tu,1/13,12:00 PM,3:00 PM,Beverly Bl to 6th st- Lake st to Dillon St
4P186 M,13,10:00 AM,1:00 PM,Temple St to 3rd St- Alvarado St to Rampart Bl
4P186 Tu,13,10:00 AM,1:00 PM,Temple St to 3rd St- Alvarado St to Rampart Bl
4P209 M,1,8:00 AM,11:00 AM,Hollywood Fwy to 2nd St- Harbor Fwy to Glendale Bl
4P209 Tu,1,8:00 AM,11:00 AM,Hollywood Fwy to 2nd St- Harbor Fwy to Glendale Bl
4P210 F,14,12:00 PM,3:00 PM,4th st to Santa Ana Fwy- Mott St to Lorena St
4P210 Th,14,12:00 PM,3:00 PM,4th st to Santa Ana Fwy- Mott St to Lorena St
4P214 M,1/13,10:00 AM,1:00 PM,Beverly Bl to 6th St- Loma Dr to Beaudry Ave
4P214 Tu,1/13,10:00 AM,1:00 PM,Beverly Bl to 6th St- Loma Dr to Beaudry Ave
4P220 Tu,14,12:00 PM,3:00 PM,Cesar Chavez Ave to 6th St- Golden State Fwy to Anderson St
4P220 W,14,12:00 PM,3:00 PM,Cesar Chavez Ave to 6th St- Golden State Fwy to Anderson St
4P221 Tu,14,8:00 AM,10:00 AM,Indiana St to Mott St- Ceasar S Chavez Bl to 6th st
4P221 W,14,8:00 AM,10:00 AM,Indiana St to Mott St- Ceasar S Chavez Bl to 6th st
4P224 F,14,9:00 AM,12:00 PM,4th St to Santa Ana fwy- Indiana St to Lorean St
4P224 Th,14,9:00 AM,12:00 PM,4th St to Santa Ana fwy- Indiana St to Lorean St
5NP296 F,1/14,4:00 AM,6:30 AM,Pasadena Fwy to N.Main / Pasadena Av to Sunset Bl
5NP296 Th,1/14,4:00 AM,6:30 AM,Pasadena Fwy to N.Main / Pasadena Av to Sunset Bl
5NP317 Tu,1,4:00 AM,6:30 AM,Pasadena Fwy to Pasadena Av / Pasadena Av to Golden State Fwy
5NP317 W,1,4:00 AM,6:30 AM,Pasadena Fwy to Pasadena Av / Pasadena Av to Golden State Fwy
5NP401 F,14,4:00 AM,6:30 AM,"East Lake Av, Alcaraz St to Marengo St / Soto St to Mission Rd, Narva St"
5NP401 Th,14,4:00 AM,6:30 AM,"East Lake Av, Alcaraz St to Marengo St / Soto St to Mission Rd, Narva St"
5P100 F,14,8:00 AM,10:00 AM,Yoakum St to Huntington Dr / Tampico to Collis Avs
5P100 Th,14,8:00 AM,10:00 AM,Yoakum St to Huntington Dr / Tampico to Collis Avs
5P101 F,14,10:00 AM,12:00 PM,Huntington Dr South to Templeton St / Los Angeles City Line to Eastern Av
5P101 Th,14,10:00 AM,12:00 PM,Huntington Dr South to Templeton St / Los Angeles City Line to Eastern Av
5P102 F,14,12:00 PM,2:00 PM,Templeton St to Alhambra Av / Los Angeles City Line to Far Place
5P102 Th,14,12:00 PM,2:00 PM,Templeton St to Alhambra Av / Los Angeles City Line to Far Place
5P179 Tu,14,7:30 AM,9:00 AM,Main to Clara Sts / Leroy to Elmyra/Avilla Sts
5P179 W,14,7:30 AM,9:00 AM,Main to Clara Sts / Leroy to Elmyra/Avilla Sts
5P180 Tu,14,8:00 AM,10:00 AM,Wabash Av to Ceasar Chavez Ave /Soto st to Evergreen Ave
5P180 W,14,8:00 AM,10:00 AM,Wabash Av to Ceasar Chavez Ave /Soto st to Evergreen Ave
5P181 Tu,14,9:00 AM,11:00 AM,Wabash Ave /Malabar st to Cesar Chavez/Indianan st to Soto st
5P181 W,14,9:00 AM,11:00 AM,Wabash Ave /Malabar st to Cesar Chavez/Indianan st to Soto st
5P220 F,1/14,10:00 AM,12:00 PM,Sunset Bl to Bellevue Av/ Beaudry Av to Glendale Av
5P220 Th,1/14,10:00 AM,12:00 PM,Sunset Bl to Bellevue Av/ Beaudry Av to Glendale Av
5P221 F,1/14,9:00 AM,11:00 AM,Elysian Park ave to 101 fwy/Sunset Bl to Figueroa st / Figueroa terr
5P221 Th,1/14,9:00 AM,11:00 AM,Elysian Park ave to 101 fwy/Sunset Bl to Figueroa st / Figueroa terr
5P222 F,1,10:00 AM,12:00 PM,Figueroa St/Figueroa Terr to N Broadway/Boston St  to Salano av
5P222 Th,1,10:00 AM,12:00 PM,Figueroa St/Figueroa Terr to N Broadway/Boston St  to Salano av
5P223 F,13,8:00 AM,10:00 AM,Altivo way to sunset Bl- douglas st to glendale Bl
5P223 Th,13,8:00 AM,10:00 AM,Altivo way to sunset Bl- douglas st to glendale Bl
5P253 Tu,1,10:00 AM,12:00 PM,N Broadway to Main St/ Mission rd to Golden State Fwy
5P253 W,1,10:00 AM,12:00 PM,N Broadway to Main St/ Mission rd to Golden State Fwy
5P254 F,13,12:00 PM,2:00 PM,Newell St to Barclay st/Los Angeles River to Golden State fwy
5P254 Th,13,12:00 PM,2:00 PM,Newell St to Barclay st/Los Angeles River to Golden State fwy
5P255 Tu,14,11:30 AM,1:30 pm,San Bernadino Fwy to Malabar st- LA County Line to Soto st
5P255 W,14,11:30 AM,1:30 pm,San Bernadino Fwy to Malabar st- LA County Line to Soto st
5P257 Tu,1,8:00 AM,10:00 AM,Montecito Dr to N Broadway- Griffin Av to Pasadena Ave
5P257 W,1,8:00 AM,10:00 AM,Montecito Dr to N Broadway- Griffin Av to Pasadena Ave
5P259 Tu,14,12:30 PM,2:30 PM,Marengo St to Cesar Chavez- Soto St to Mission Rd
5P259 W,14,12:30 PM,2:30 PM,Marengo St to Cesar Chavez- Soto St to Mission Rd
5P311 Tu,14,7:30 AM,10:30 AM,Main st to Marengo St- Indiana St to Golden State Fwy
5P311 W,14,7:30 AM,10:30 AM,Main st to Marengo St- Indiana St to Golden State Fwy
5P312 Tu,14,10:00 AM,12:00 PM,Valley Blvd to Bohlig rd-Highburg av to Lansdowne Ave
5P312 W,14,10:00 AM,12:00 PM,Valley Blvd to Bohlig rd-Highburg av to Lansdowne Ave
5P315 Tu,1,12:30 PM,2:30 PM,Roberta st to Broadway-sierra St to Griffin ave
5P315 W,1,12:30 PM,2:30 PM,Roberta st to Broadway-sierra St to Griffin ave
5P316 F,13,11:30 AM,1:30 PM,Glendale Fwy to Newell st- Los angeles River to Golden State fwy
5P316 Th,13,11:30 AM,1:30 PM,Glendale Fwy to Newell st- Los angeles River to Golden State fwy
6NP184 F,1/14,4:00 AM,6:30 AM,York Bl to Pasedana fwy-Figueroa St to Avenue 50
6NP184 W,1/14,4:00 AM,6:30 AM,York Bl to Pasedana fwy-Figueroa St to Avenue 50
6P168 Th,14,12:00 PM,2:00 PM,Meridian st to Roble Ave-Avenue 66 to Figueroa St
6P168 W,14,12:00 PM,2:00 PM,Meridian st to Roble Ave-Avenue 66 to Figueroa St
6P169 Th,1,7:30 AM,9:30 AM,Figueroa St to Pasadena Fwy- Avenue 44 to Avenue 37
6P169 W,1,7:30 AM,9:30 AM,Figueroa St to Pasadena Fwy- Avenue 44 to Avenue 37
6P170 Th,1,8:00 AM,10:00 AM,Isabel St to Cypress Ave- Pasadena Ave to Cazador st
6P170 W,1,8:00 AM,10:00 AM,Isabel St to Cypress Ave- Pasadena Ave to Cazador st
6P171 Th,1,9:00 AM,11:00 AM,Cypress Ave to San Fernando rd- Figueroa to Division St
6P171 W,1,9:00 AM,11:00 AM,Cypress Ave to San Fernando rd- Figueroa to Division St
6P258 Th,1/14,8:00 AM,10:00 AM,Stradford Rd to Buchanan St- Avenue 54 to Eagle Rock Bl
6P258 W,1/14,8:00 AM,10:00 AM,Stradford Rd to Buchanan St- Avenue 54 to Eagle Rock Bl
6P259 Th,1,9:00 AM,11:00 AM,Meridian St to Aldama St- Figueroa to Avenue 54
6P259 W,1,9:00 AM,11:00 AM,Meridian St to Aldama St- Figueroa to Avenue 54
6P313 Th,1,12:00 PM,2:00 PM,Chapman St to Marguerite St- Avenue 36 to Avenue 32
6P313 W,1,12:00 PM,2:00 PM,Chapman St to Marguerite St- Avenue 36 to Avenue 32
6P314 Th,1/14,11:00 AM,1:00 PM,Colorado Bl to Yosemite Dr-Townsend Ave to Eagle Rock Bl
6P314 W,1/14,11:00 AM,1:00 PM,Colorado Bl to Yosemite Dr-Townsend Ave to Eagle Rock Bl
6P352 Th,14,11:00 AM,1:00 PM,Marmion Wy to Bertha St- Pasadena Fwy to Figueroa St
6P352 W,14,11:00 AM,1:00 PM,Marmion Wy to Bertha St- Pasadena Fwy to Figueroa St
7P109 F,13,10:00 AM,12:00 PM,"Franklin to Fountain / Nornmandie to Wilton pl,"
7P109 W,13,10:00 AM,12:00 PM,"Franklin to Fountain / Nornmandie to Wilton pl,"
7P112 F,4/13,12:00 PM,3:00 PM,Franklin to Fountain / Hillhurst to Nornmandie av
7P112 W,4/13,12:00 PM,3:00 PM,Franklin to Fountain / Hillhurst to Nornmandie av
7P113 F,4,7:30 AM,9:30 AM,"Vermont av to Hillhurst av,/Russell av. To Prospect av"
7P113 W,4,7:30 AM,9:30 AM,"Vermont av to Hillhurst av,/Russell av. To Prospect av"
7P211 F,13,11:00 AM,2:00 PM,Santa Monica bl. To Hollywood fwy / Hoover st. to Vermont av.
7P211 W,13,11:00 AM,2:00 PM,Santa Monica bl. To Hollywood fwy / Hoover st. to Vermont av.
7P212 F,13,8:00 AM,10:00 AM,Fountain av. to Santa Monica bl./ Vermont to  Hollywood fwy
7P212 W,13,8:00 AM,10:00 AM,Fountain av. to Santa Monica bl./ Vermont to  Hollywood fwy
7P213 F,13,11:00 AM,2:00 PM,Santa Monica bl.to Hollywood fwy / Vermont av. To Hollywood fwy
7P213 W,13,11:00 AM,2:00 PM,Santa Monica bl.to Hollywood fwy / Vermont av. To Hollywood fwy
7P259 F,13,12:00 PM,2:00 PM,Maltman av./Lucile av. To Silverlake bl /  Hoover st. to Sunset bl.
7P259 Th,13,12:00 PM,2:00 PM,Maltman av./Lucile av. To Silverlake bl /  Hoover st. to Sunset bl.
7P260 F,13,8:00 AM,10:00 AM,Sunset bl.to Hollywood fwy /  Coronado st to Silverlake bl.
7P260 Th,13,8:00 AM,10:00 AM,Sunset bl.to Hollywood fwy /  Coronado st to Silverlake bl.
7P261 F,4/13,8:00 AM,11:00 AM,Commonwealth av. To Western av. /  Los Feliz bl. To Franklin av.
7P261 W,4/13,8:00 AM,11:00 AM,Commonwealth av. To Western av. /  Los Feliz bl. To Franklin av.
7P262 F,13,12:00 PM,2:00 PM,Fountain av.to Maltman av /Lucile av.  /  Sunet bl./Griffith park bl. To Hoover st
7P262 W,13,12:00 PM,2:00 PM,Fountain av.to Maltman av /Lucile av.  /  Sunet bl./Griffith park bl. To Hoover st
7P265 F,13,10:00 AM,12:00 PM,Sunset bl. To Hollywood fwy / Coronado to Glendale bl.
7P265 Th,13,10:00 AM,12:00 PM,Sunset bl. To Hollywood fwy / Coronado to Glendale bl.
7P300 M,4,10:00 AM,12:00 PM,Westshire dr. to Franklin ave. / Beachwood dr. to Carmen av.
7P300 Tu,4,10:00 AM,12:00 PM,Westshire dr. to Franklin ave. / Beachwood dr. to Carmen av.
7P321 F,13,8:00 AM,11:00 AM,Goodwin av. To Glendale bl. /  Glendale bl. Griffith Park bl.
7P321 W,13,8:00 AM,11:00 AM,Goodwin av. To Glendale bl. /  Glendale bl. Griffith Park bl.
7P322 F,4,12:00 PM,3:00 PM,Los Feliz bl. To Franklin av. / St. George st. / Griffith park bl.to  Commonwealth av.
7P322 W,4,12:00 PM,3:00 PM,Los Feliz bl. To Franklin av. / St. George st. / Griffith park bl.to  Commonwealth av.
7P323 F,13,8:00 AM,10:00 AM,Glendale bl. To Silverlake bl/ / Glendale cityline to L A River
7P323 Th,13,8:00 AM,10:00 AM,Glendale bl. To Silverlake bl/ / Glendale cityline to L A River
7P325 M,4/13,8:00 AM,10:00 AM,Winans dr. to Harold way /  Western ave to Cahuenga bl.
7P325 Tu,4/13,8:00 AM,10:00 AM,Winans dr. to Harold way /  Western ave to Cahuenga bl.
7P326 F,13,10:00 AM,12:00 PM,Hollywood bl. & Sunset bl. To Santa Monica /  Hoover st to Vermont av.
7P326 W,13,10:00 AM,12:00 PM,Hollywood bl. & Sunset bl. To Santa Monica /  Hoover st to Vermont av.
7P327 F,4/13,8:00 AM,10:00 AM,Franklin av. to Fountain av. / Hillhurst to Sanorn av.
7P327 W,4/13,8:00 AM,10:00 AM,Franklin av. to Fountain av. / Hillhurst to Sanorn av.
7P328 F,4/13,10:00 AM,12:00 PM,St. George st. to Fountain av. / Sanborn av. Griffith park bl.
7P328 W,4/13,10:00 AM,12:00 PM,St. George st. to Fountain av. / Sanborn av. Griffith park bl.
8NP100,5,4:00 AM,6:30 AM,Alleys N/0 and S/O Melrose Ave Highland Ave to Fairfax Ave
8P104 M,5,10:00 AM,12:00 PM,Melrose Ave to Beverly Bl- Gardner to Laurel Ave
8P104 Tu,5,10:00 AM,12:00 PM,Melrose Ave to Beverly Bl- Gardner to Laurel Ave
8P106 M,13,10:00 AM,1:00 PM,Hollywood Bl to Santa Monica Bl-Wilton Pl to Vine st
8P106 Tu,13,10:00 AM,1:00 PM,Hollywood Bl to Santa Monica Bl-Wilton Pl to Vine st
8P107 M,13,8:00 AM,10:00 AM,Santa Monica Bl to Melrose Av- Wilton Pl to Vine St
8P107 Tu,13,8:00 AM,10:00 AM,Santa Monica Bl to Melrose Av- Wilton Pl to Vine St
8P110 M,4,11:00 AM,2:00 PM,Hollywood Bl to Fountain Ave - La Brea Ave to Gardner St
8P110 Tu,4,11:00 AM,2:00 PM,Hollywood Bl to Fountain Ave - La Brea Ave to Gardner St
8P111 M,4,9:00 AM,12:00 PM,Hollywood Bl to Fountain Ave- Sierra Bonita to Orange Grove Ave
8P111 Tu,4,9:00 AM,12:00 PM,Hollywood Bl to Fountain Ave- Sierra Bonita to Orange Grove Ave
8P120 F,4/10,10:00 AM,12:00 PM,Elmwood Ave to 3rd St - Normandie Ave to Wilton PL
8P120 W,4/10,10:00 AM,12:00 PM,Elmwood Ave to 3rd St - Normandie Ave to Wilton PL
8P150 M,4,9:00 AM,11:00 AM,Larchmont Bl to Wilton Pl- Melrose Ave to Elmwood Ave
8P150 Tu,4,9:00 AM,11:00 AM,Larchmont Bl to Wilton Pl- Melrose Ave to Elmwood Ave
8P151 F,4/13,8:00 AM,10:00 AM,Santa Monica Bl to Elmwood Ave- Wilton Pl to Western Ave
8P151 W,4/13,8:00 AM,10:00 AM,Santa Monica Bl to Elmwood Ave- Wilton Pl to Western Ave
8P152 M,5,8:00 AM,10:00 AM,Rosewood Ave to 3rd St- Fairfax Ave to La Cienaga BL
8P152 Tu,5,8:00 AM,10:00 AM,Rosewood Ave to 3rd St- Fairfax Ave to La Cienaga BL
8P153 M,5,10:00 AM,12:00 PM,Beverly Blvd to 3rd St- La Brea Ave to Gardner St
8P153 Tu,5,10:00 AM,12:00 PM,Beverly Blvd to 3rd St- La Brea Ave to Gardner St
8P154 F,13,12:00 PM,2:00 PM,Beverly Blvd to 3rd St- Vermont Ave to Normandie Ave
8P154 W,13,12:00 PM,2:00 PM,Beverly Blvd to 3rd St- Vermont Ave to Normandie Ave
8P172 M,5,12:00 PM,3:00 PM,Melrose Ave to Beverly Blvd- Seward to La Brea Ave
8P172 Tu,5,12:00 PM,3:00 PM,Melrose Ave to Beverly Blvd- Seward to La Brea Ave
8P173 M,5,12:00 PM,3:00 PM,Beverly Blvd to 3rd St- Hudson Pl to La Brea Ave
8P173 Tu,5,12:00 PM,3:00 PM,Beverly Blvd to 3rd St- Hudson Pl to La Brea Ave
8P174 M,4,12:00 PM,3:00 PM,Melrose Ave to 3rd St- Larchmont Blvd to Wilcox Ave
8P174 Tu,4,12:00 PM,3:00 PM,Melrose Ave to 3rd St- Larchmont Blvd to Wilcox Ave
8P175 M,4,10:00 AM,1:00 PM,Rosewood Ave to 3rd St -Van Ness to Larchmont Blvd
8P175 Tu,4,10:00 AM,1:00 PM,Rosewood Ave to 3rd St -Van Ness to Larchmont Blvd
8P176 F,13,8:00 AM,11:00 AM,Hollywood Fwy to Beverly Blvd-Vermont Ave to Western Ave
8P176 W,13,8:00 AM,11:00 AM,Hollywood Fwy to Beverly Blvd-Vermont Ave to Western Ave
8P177 M,5,10:00 AM,12:00 PM,Romaine St to Melrose Ave - La Brea Ave to Fairfax Ave
8P177 Tu,5,10:00 AM,12:00 PM,Romaine St to Melrose Ave - La Brea Ave to Fairfax Ave
8P178 M,5,12:00 PM,3:00 PM,Melrose Ave to Beverly Blvd -La Brea Ave to Stanley Ave
8P178 Tu,5,12:00 PM,3:00 PM,Melrose Ave to Beverly Blvd -La Brea Ave to Stanley Ave
8P205 M,4/13,10:00 AM,1:00 PM,Sunset Blvd to Santa Monica Blvd - Vine St to Highland Ave
8P205 Tu,4/13,10:00 AM,1:00 PM,Sunset Blvd to Santa Monica Blvd - Vine St to Highland Ave
8P206 M,4,12:00 PM,3:00 PM,Santa Monica Blvd to Melrose Ave- Vine St to Highland Ave
8P206 Tu,4,12:00 PM,3:00 PM,Santa Monica Blvd to Melrose Ave- Vine St to Highland Ave
8P263 M,4,12:00 PM,3:00 PM,Franklin Ave to Melrose Ave- Highland Ave to La Brea Ave
8P263 Tu,4,12:00 PM,3:00 PM,Franklin Ave to Melrose Ave- Highland Ave to La Brea Ave
8P264 M,5,8:00 AM,10:00 AM,L.A City Line to Rosewood Ave - Fairfax Ave to LA Cienega Blvd
8P264 Tu,5,8:00 AM,10:00 AM,L.A City Line to Rosewood Ave - Fairfax Ave to LA Cienega Blvd
8P323 M,4,8:00 AM,10:00 AM,Hollywood Blvd to City Line - Fairfax Blvd to Doheny
8P323 Tu,4,8:00 AM,10:00 AM,Hollywood Blvd to City Line - Fairfax Blvd to Doheny
8P324 M,13,8:00 AM,10:00 AM,Cahuenga Blvd to Hollywood Blvd- Cahuenga to Highland Ave
8P324 Tu,13,8:00 AM,10:00 AM,Cahuenga Blvd to Hollywood Blvd- Cahuenga to Highland Ave
9P102 M,5,8:00 AM,10:00 AM,"Oakhurst - San Vicente, Beverly - Clifton"
9P102 Tu,5,8:00 AM,10:00 AM,"Oakhurst - San Vicente, Beverly - Clifton"
9P103 M,5,9:00 AM,12:00 PM,"San Vicente - Fairfax, 3rd - Wilshire"
9P103 Tu,5,9:00 AM,12:00 PM,"San Vicente - Fairfax, 3rd - Wilshire"
9P105 M,4,8:00 AM,10:00 AM,"Hauser - La Brea, 3rd - Wilshire"
9P105 Tu,4,8:00 AM,10:00 AM,"Hauser - La Brea, 3rd - Wilshire"
9P107 Th,10,10:00 AM,1:00 PM,"Western - Irolo, Wilshire - Olympic"
9P107 W,10,10:00 AM,1:00 PM,"Irolo - Vermont, Wilshire - Olympic"
9P111 Th,1,12:00 PM,3:00 PM,"Western - Normandie, Olympic - Pico"
9P111 W,1,12:00 PM,3:00 PM,"Normandie - Vermont, Olympic - Pico"
9P121 Th,10,8:00 AM,10:00 AM,"Western - Normandie, 3rd - Wilshire"
9P121 W,10,8:00 AM,10:00 AM,"Western - Normandie, 3rd - Wilshire"
9P144 Th,10,12:00 PM,3:00 PM,"Crenshaw - Wilton, Olympic - Pico"
9P144 W,10,12:00 PM,3:00 PM,"Crenshaw - Wilton, Olympic - Pico"
9P145 M,5,8:00 AM,10:00 AM,"Olympic - Cashio, Robertson - La Cienega"
9P145 Tu,5,8:00 AM,10:00 AM,"Olympic - Cashio, Robertson - La Cienega"
9P146 Th,4/10,11:00 AM,2:00 PM,"3rd - Pico, Western - Wilton"
9P146 W,4/10,11:00 AM,2:00 PM,"4th - Pico, Western - Wilton"
9P147 Th,10,8:00 AM,10:00 AM,"3rd - Wilshire, Vermont - Normandie"
9P147 W,10,8:00 AM,10:00 AM,"4th - Wilshire, Vermont - Normandie"
9P148 Th,1,8:00 AM,10:00 AM,"Western - Vermont, Pico - Venice & Venice - Washington, Wilton - Vermont"
9P148 W,1,8:00 AM,10:00 AM,"Western - Vermont, Pico - Venice & Venice - Washington, Wilton - Vermont"
9P149 Th,1,9:00 AM,12:00 PM,"Western - Normandie, Venice - 10 Fwy & Normandie - Vermont, Washington - 10 Fwy"
9P149 W,1,9:00 AM,12:00 PM,"Western - Normandie, Venice - 10 Fwy & Normandie - Vermont, Washington - 10 Fwy"
9P150 M,5,8:00 AM,10:00 AM,"LeDoux - Robertson, Gregory - Olympic"
9P150 Tu,5,8:00 AM,10:00 AM,"LeDoux - Robertson, Gregory - Olympic"
9P151 Th,10,8:00 AM,11:00 AM,"Pico - Washington, Wilton - Bronson"
9P151 W,10,8:00 AM,11:00 AM,"Pico - Washington, Wilton - Bronson"
9P162 M,10,10:00 AM,12:00 PM,"Thurman - La Brea, Washington - 10 Fwy"
9P162 Tu,10,10:00 AM,12:00 PM,"Thurman - La Brea, Washington - 10 Fwy"
9P163 M,4/10,12:00 PM,3:00 PM,"Pico - Olympic, Houser - La Brea"
9P163 Tu,4/10,12:00 PM,3:00 PM,"Pico - Olympic, Houser - La Brea"
9P164 Th,10,12:00 PM,3:00 PM,"Pico - 10 Fwy, Western - Arlington"
9P164 W,10,12:00 PM,3:00 PM,"Pico - 10 Fwy, Western - Arlington"
9P165 Th,10,10:00 AM,12:00 PM,"La Brea - Arlington, 10 Fwy - Washington"
9P165 W,10,10:00 AM,12:00 PM,"La Brea - Arlington, 10 Fwy - Washington"
9P218 M,5/10,10:00 AM,12:00 PM,"Olympic - Saturn, Fairfax - La Cienega"
9P218 Tu,5/10,10:00 AM,12:00 PM,"Olympic - Saturn, Fairfax - La Cienega"
9P219 M,10,10:00 AM,12:00 PM,"Sawyer - Kramerwood, Venice - Robertson"
9P219 Tu,10,10:00 AM,12:00 PM,"Sawyer - Kramerwood, Venice - Robertson"
9P276 M,5,8:00 AM,11:00 AM,"Sawyer - Pickford, Robertson - Crescent Heights"
9P276 Tu,5,8:00 AM,11:00 AM,"Sawyer - Pickford, Robertson - Crescent Heights"
9P277 M,4,9:00 AM,11:00 AM,"Wilshire - Olympic, Sierra Bonita - La Brea"
9P277 Tu,4,9:00 AM,11:00 AM,"Wilshire - Olympic, Sierra Bonita - La Brea"
9P279 Th,10,9:00 AM,12:00 PM,"Olympic - 12th ST, Redondo - Lucerne"
9P279 W,10,9:00 AM,12:00 PM,"Olympic - 12th ST, Redondo - Lucerne"
9P280 M,10,12:00 PM,3:00 PM,"Buchard - National, 10 Fwy - city line (n/o Washington)"
9P280 Tu,10,12:00 PM,3:00 PM,"Buchard - National, 10 Fwy - city line (n/o Washington)"
9P281 Th,10,12:00 PM,3:00 PM,"Venice - Washington, La Brea - West"
9P281 W,10,12:00 PM,3:00 PM,"Venice - Washington, West - Crenshaw"
9P282 M,5,12:00 PM,3:00 PM,"Wilshire - Olympic, Sierra Bonita - Schumacher"
9P282 Tu,5,12:00 PM,3:00 PM,"Wilshire - Olympic, Sierra Bonita - Schumacher"
9P283 Th,10,9:00 AM,12:00 PM,"Pico - 12th St, Queen Ann - La Brea"
9P283 W,10,9:00 AM,12:00 PM,"Pico - 12th St, Queen Ann - La Brea"
9P284 M,4/10,12:00 PM,3:00 PM,"Olympic - Pico, Hauser - Fairfax"
9P284 Tu,4/10,12:00 PM,3:00 PM,"Olympic - Pico, Hauser - Fairfax"
9P285 Th,4,8:00 AM,11:00 AM,3rd st to Olympic Bl- Wilton Pl to La Brea ave
9P285 W,4,8:00 AM,11:00 AM,3rd st to Olympic Bl- Wilton Pl to La Brea ave
9P286 Th,4/10,10:00 AM,12:00 PM,"Olympic - Wilshire, Wilton  - Lucerne"
9P286 W,4/10,10:00 AM,12:00 PM,"Olympic - Wilshire, Wilton  - Lucerne"
9P343 Th,4,8:00 AM,11:00 AM,"3rd St - 6th St, Van Ness - La Brea"
9P343 W,4,8:00 AM,11:00 AM,"4th St - 6th St, Van Ness - La Brea"
9P344 Th,10,8:00 AM,10:00 AM,"Olympi - Pico, Queen Ann - Crenshaw"
9P344 W,10,8:00 AM,10:00 AM,"Olympi - Pico, Queen Ann - Crenshaw"
9P345 M,5,12:00 PM,3:00 PM,"Pico - Venice, Fairfax - Hauser"
9P345 Tu,5,12:00 PM,3:00 PM,"Washington - Venice, Fairfax - Hauser"
9P346 M,5,11:00 AM,2:00 PM,"Gutherie - Saturn, Fairfax, Crescent Heights"
9P346 Tu,5,11:00 AM,2:00 PM,"Gutherie - Saturn, Fairfax, Crescent Heights"
9P347 M,10,8:00 AM,10:00 AM,"Pico - Washington, Hauser - La Brea"
9P347 Tu,10,8:00 AM,10:00 AM,"Pico - Washington, Hauser - La Brea"
